Food,Serving,Calories,Food Category,Nutrition Value,Origin,Protein,Fiber,Vitamin C,Antioxidant Score,caloriesefrom_fat,total_fat_g,total_fat_dv,Sodium,sodium_dv,Potassium,potassium_dv,Carbohydrates,total_carbo_hydrate_dv,dietary_fiber_dv,sugars_g,vitamin_a_dv,vitamin_c_dv,calcium_dv,eeironee_dv,saturated_fat_dv,saturated_fat_mg_e,chole_sterol_dv,chole_sterol_mg_e
Apple,182.0 grams,94.64,Fruits,,,,,,,,,,,,,,,,,,,,,,,,,
Apricot,55.0 grams,26.4,Fruits,,,,,,,,,,,,,,,,,,,,,,,,,
Avocado,30.0 grams,48.0,Fruits,,,,,,,,,,,,,,,,,,,,,,,,,
Banana,118.0 grams,105.02,Fruits,,,,,,,,,,,,,,,,,,,,,,,,,
Black Chokeberry,143.0 grams,71.5,Fruits,,,,,,,,,,,,,,,,,,,,,,,,,
Blackberries,144.0 grams,89.28,Fruits,,,,,,,,,,,,,,,,,,,,,,,,,
Blueberries,148.0 grams,84.36,Fruits,,,,,,,,,,,,,,,,,,,,,,,,,
Cantaloupe,134.0 grams,64.32,Fruits,,,,,,,,,,,,,,,,,,,,,,,,,
Cherry,140.0 grams,70.0,Fruits,,,,,,,,,,,,,,,,,,,,,,,,,
Cranberry,100.0 grams,46.0,Fruits,,,,,,,,,,,,,,,,,,,,,,,,,
Date Palm,24.0 grams,15.84,Fruits,,,,,,,,,,,,,,,,,,,,,,,,,
Durian,243.0 grams,867.51,Fruits,,,,,,,,,,,,,,,,,,,,,,,,,
Elderberry,145.0 grams,105.85,Fruits,,,,,,,,,,,,,,,,,,,,,,,,,
Golden berries,140.0 grams,103.6,Fruits,,,,,,,,,,,,,,,,,,,,,,,,,
Gooseberries,150.0 grams,99.0,Fruits,,,,,,,,,,,,,,,,,,,,,,,,,
Grapefruit,154.0 grams,64.68,Fruits,,,,,,,,,,,,,,,,,,,,,,,,,
Grapes,92.0 grams,63.48,Fruits,,,,,,,,,,,,,,,,,,,,,,,,,
Guava,55.0 grams,20.9,Fruits,,,,,,,,,,,,,,,,,,,,,,,,,
Jackfruit,165.0 grams,155.1,Fruits,,,,,,,,,,,,,,,,,,,,,,,,,
Jujube,28.35 grams,22.39,Fruits,,,,,,,,,,,,,,,,,,,,,,,,,
Juniper Berries,6.0 grams,0.18,Fruits,,,,,,,,,,,,,,,,,,,,,,,,,
Kiwi,76.0 grams,46.36,Fruits,,,,,,,,,,,,,,,,,,,,,,,,,
Longan Fruit,190.0 grams,114.0,Fruits,,,,,,,,,,,,,,,,,,,,,,,,,
Lychee,190.0 grams,125.4,Fruits,,,,,,,,,,,,,,,,,,,,,,,,,
Mango,165.0 grams,163.35,Fruits,,,,,,,,,,,,,,,,,,,,,,,,,
Melon,156.0 grams,82.68,Fruits,,,,,,,,,,,,,,,,,,,,,,,,,
Mulberry,140.0 grams,60.2,Fruits,,,,,,,,,,,,,,,,,,,,,,,,,
Nectarines,142.0 grams,85.2,Fruits,,,,,,,,,,,,,,,,,,,,,,,,,
Orange,154.0 grams,72.38,Fruits,,,,,,,,,,,,,,,,,,,,,,,,,
Papaya,140.0 grams,77.0,Fruits,,,,,,,,,,,,,,,,,,,,,,,,,
Passion Fruit,18.0 grams,3.06,Fruits,,,,,,,,,,,,,,,,,,,,,,,,,
Pear,178.0 grams,101.46,Fruits,,,,,,,,,,,,,,,,,,,,,,,,,
Persimmon,168.0 grams,198.24,Fruits,,,,,,,,,,,,,,,,,,,,,,,,,
Pineapple,165.0 grams,82.5,Fruits,,,,,,,,,,,,,,,,,,,,,,,,,
Plum,66.0 grams,30.36,Fruits,,,,,,,,,,,,,,,,,,,,,,,,,
Pomegranate,282.0 grams,234.06,Fruits,,,,,,,,,,,,,,,,,,,,,,,,,
Pomelo,301.0 grams,114.38,Fruits,,,,,,,,,,,,,,,,,,,,,,,,,
Rambutan,9.0 grams,6.21,Fruits,,,,,,,,,,,,,,,,,,,,,,,,,
Raspberry,123.0 grams,63.96,Fruits,,,,,,,,,,,,,,,,,,,,,,,,,
Redberries,123.0 grams,60.27,Fruits,,,,,,,,,,,,,,,,,,,,,,,,,
Rhubarb,122.0 grams,25.62,Fruits,,,,,,,,,,,,,,,,,,,,,,,,,
Starfruit,91.0 grams,28.21,Fruits,,,,,,,,,,,,,,,,,,,,,,,,,
Strawberry,140.0 grams,68.6,Fruits,,,,,,,,,,,,,,,,,,,,,,,,,
Tangerine,88.0 grams,46.64,Fruits,,,,,,,,,,,,,,,,,,,,,,,,,
Uglifruit,182.0 grams,109.2,Fruits,,,,,,,,,,,,,,,,,,,,,,,,,
Watermelon,286.0 grams,85.8,Fruits,,,,,,,,,,,,,,,,,,,,,,,,,
Harrd Red Wheat,100.0 grams,123.0,Grains,,,,,,,,,,,,,,,,,,,,,,,,,
Soft Red Wheat,100.0 grams,125.0,Grains,,,,,,,,,,,,,,,,,,,,,,,,,
Hard White Wheat,100.0 grams,125.0,Grains,,,,,,,,,,,,,,,,,,,,,,,,,
Soft White Wheat,100.0 grams,124.0,Grains,,,,,,,,,,,,,,,,,,,,,,,,,
Durum Wheat,100.0 grams,123.0,Grains,,,,,,,,,,,,,,,,,,,,,,,,,
Einkorn Wheat,100.0 grams,343.0,Grains,,,,,,,,,,,,,,,,,,,,,,,,,
Spelt Wheat,100.0 grams,135.0,Grains,,,,,,,,,,,,,,,,,,,,,,,,,
Emmer Wheat,100.0 grams,136.0,Grains,,,,,,,,,,,,,,,,,,,,,,,,,
White Rice,85.0 grams,110.5,Grains,,,,,,,,,,,,,,,,,,,,,,,,,
Brown Rice,85.0 grams,95.2,Grains,,,,,,,,,,,,,,,,,,,,,,,,,
Basmati Rice,100.0 grams,370.0,Grains,,,,,,,,,,,,,,,,,,,,,,,,,
Jasmine Rice,100.0 grams,130.0,Grains,,,,,,,,,,,,,,,,,,,,,,,,,
Arborio Rice,100.0 grams,97.0,Grains,,,,,,,,,,,,,,,,,,,,,,,,,
Black Rice,100.0 grams,335.0,Grains,,,,,,,,,,,,,,,,,,,,,,,,,
Red Rice,100.0 grams,111.0,Grains,,,,,,,,,,,,,,,,,,,,,,,,,
Wild RIce,100.0 grams,101.0,Grains,,,,,,,,,,,,,,,,,,,,,,,,,
Dent Corn,166.0 grams,175.96,Grains,,,,,,,,,,,,,,,,,,,,,,,,,
Sweet Corn,145.0 grams,123.25,Grains,,,,,,,,,,,,,,,,,,,,,,,,,
Popcorn,24.0 grams,92.88,Grains,,,,,,,,,,,,,,,,,,,,,,,,,
Flint Corn,90.0 grams,324.0,Grains,,,,,,,,,,,,,,,,,,,,,,,,,
Flour Corn,16.0 grams,57.6,Grains,,,,,,,,,,,,,,,,,,,,,,,,,
Waxy Corn,85.0 grams,73.1,Grains,,,,,,,,,,,,,,,,,,,,,,,,,
Rolled Oats,100.0 grams,389.0,Grains,,,,,,,,,,,,,,,,,,,,,,,,,
Steel-cut Oats,100.0 grams,378.0,Grains,,,,,,,,,,,,,,,,,,,,,,,,,
Quick Oats,100.0 grams,379.0,Grains,,,,,,,,,,,,,,,,,,,,,,,,,
Instant Oats,100.0 grams,389.0,Grains,,,,,,,,,,,,,,,,,,,,,,,,,
Oat Groats,100.0 grams,379.0,Grains,,,,,,,,,,,,,,,,,,,,,,,,,
Hulled Barley,100.0 grams,354.0,Grains,,,,,,,,,,,,,,,,,,,,,,,,,
Pearled Barley,100.0 grams,352.0,Grains,,,,,,,,,,,,,,,,,,,,,,,,,
Scotch Barley,100.0 grams,354.0,Grains,,,,,,,,,,,,,,,,,,,,,,,,,
Barley Flakes,165.0 grams,580.8,Grains,,,,,,,,,,,,,,,,,,,,,,,,,
Barley Grits,100.0 grams,352.0,Grains,,,,,,,,,,,,,,,,,,,,,,,,,
Barley Flour,120.0 grams,422.4,Grains,,,,,,,,,,,,,,,,,,,,,,,,,
Purple Barley,120.0 grams,424.8,Grains,,,,,,,,,,,,,,,,,,,,,,,,,
Black Barley,120.0 grams,147.6,Grains,,,,,,,,,,,,,,,,,,,,,,,,,
Sprouted Barley,120.0 grams,44.4,Grains,,,,,,,,,,,,,,,,,,,,,,,,,
Whole Rye,50.0 grams,168.0,Grains,,,,,,,,,,,,,,,,,,,,,,,,,
Rye Flakes,45.0 grams,152.1,Grains,,,,,,,,,,,,,,,,,,,,,,,,,
Rye Flour,10.0 grams,33.5,Grains,,,,,,,,,,,,,,,,,,,,,,,,,
Pumpernickel,120.0 grams,300.0,Grains,,,,,,,,,,,,,,,,,,,,,,,,,
Rye Bread,32.0 grams,72.0,Grains,,,,,,,,,,,,,,,,,,,,,,,,,
White Quinoa,185.0 grams,222.0,Grains,,,,,,,,,,,,,,,,,,,,,,,,,
Red Quinoa,125.0 grams,150.0,Grains,,,,,,,,,,,,,,,,,,,,,,,,,
Black Quinoa,135.0 grams,162.0,Grains,,,,,,,,,,,,,,,,,,,,,,,,,
Tri-color Quinoa,120.0 grams,144.0,Grains,,,,,,,,,,,,,,,,,,,,,,,,,
Purple Quinoa,100.0 grams,120.0,Grains,,,,,,,,,,,,,,,,,,,,,,,,,
High-altitude Quinoa,160.0 grams,192.0,Grains,,,,,,,,,,,,,,,,,,,,,,,,,
Golden Quinoa,160.0 grams,192.0,Grains,,,,,,,,,,,,,,,,,,,,,,,,,
Pearl Millet,170.0 grams,202.3,Grains,,,,,,,,,,,,,,,,,,,,,,,,,
Foxtail Millet,150.0 grams,178.5,Grains,,,,,,,,,,,,,,,,,,,,,,,,,
Finger Millet,100.0 grams,119.0,Grains,,,,,,,,,,,,,,,,,,,,,,,,,
Proso Millet,100.0 grams,119.0,Grains,,,,,,,,,,,,,,,,,,,,,,,,,
Barnyard Millet,174.0 grams,168.78,Grains,,,,,,,,,,,,,,,,,,,,,,,,,
Kodo Millet,100.0 grams,104.0,Grains,,,,,,,,,,,,,,,,,,,,,,,,,
Little Millet,100.0 grams,119.0,Grains,,,,,,,,,,,,,,,,,,,,,,,,,
Grain Sorghum,175.0 grams,176.75,Grains,,,,,,,,,,,,,,,,,,,,,,,,,
Sweet Sorghum,164.0 grams,234.52,Grains,,,,,,,,,,,,,,,,,,,,,,,,,
Broomcorn Sorghum,170.0 grams,559.3,Grains,,,,,,,,,,,,,,,,,,,,,,,,,
Black Sorghum,110.0 grams,372.9,Grains,,,,,,,,,,,,,,,,,,,,,,,,,
White Sorghum,110.0 grams,132.0,Grains,,,,,,,,,,,,,,,,,,,,,,,,,
Red Sorghum,110.0 grams,111.1,Grains,,,,,,,,,,,,,,,,,,,,,,,,,
Common Buckwheat,167.0 grams,153.64,Grains,,,,,,,,,,,,,,,,,,,,,,,,,
Tartary Buckwheat,175.0 grams,161.0,Grains,,,,,,,,,,,,,,,,,,,,,,,,,
Silverhull Buckwheat,170.0 grams,156.4,Grains,,,,,,,,,,,,,,,,,,,,,,,,,
Buckwheat Groats,170.0 grams,156.4,Grains,,,,,,,,,,,,,,,,,,,,,,,,,
Kasha,100.0 grams,92.0,Grains,,,,,,,,,,,,,,,,,,,,,,,,,
Amaranth (Ramdana),100.0 grams,102.0,Grains,,,,,,,,,,,,,,,,,,,,,,,,,
Ivory Teff,100.0 grams,101.0,Grains,,,,,,,,,,,,,,,,,,,,,,,,,
Brown Teff,130.0 grams,131.3,Grains,,,,,,,,,,,,,,,,,,,,,,,,,
Mixed Teff,130.0 grams,477.1,Grains,,,,,,,,,,,,,,,,,,,,,,,,,
Spelt,100.0 grams,135.0,Grains,,,,,,,,,,,,,,,,,,,,,,,,,
Kamut,50.0 grams,74.5,Grains,,,,,,,,,,,,,,,,,,,,,,,,,
Emmer Farro,100.0 grams,132.0,Grains,,,,,,,,,,,,,,,,,,,,,,,,,
Spelt Farro,100.0 grams,119.0,Grains,,,,,,,,,,,,,,,,,,,,,,,,,
Bulgur( Dalia),150.0 grams,124.5,Grains,,,,,,,,,,,,,,,,,,,,,,,,,
Hot Chocolate,200.0 grams,384.0,Beverages,,,,,,,,,,,,,,,,,,,,,,,,,
Mulled Wine,150.0 grams,306.0,Beverages,,,,,,,,,,,,,,,,,,,,,,,,,
Affogato,120.0 grams,162.0,Beverages,,,,,,,,,,,,,,,,,,,,,,,,,
Bone broth,240.0 grams,74.4,Beverages,,,,,,,,,,,,,,,,,,,,,,,,,
Yerba mate,240.0 grams,50.4,Beverages,,,,,,,,,,,,,,,,,,,,,,,,,
Gluhwein,200.0 grams,280.0,Beverages,,,,,,,,,,,,,,,,,,,,,,,,,
Bissap,200.0 grams,98.0,Beverages,,,,,,,,,,,,,,,,,,,,,,,,,
Horchata,240.0 grams,211.2,Beverages,,,,,,,,,,,,,,,,,,,,,,,,,
Spiced cider,240.0 grams,134.4,Beverages,,,,,,,,,,,,,,,,,,,,,,,,,
White hot chocolate,350.0 grams,1781.5,Beverages,,,,,,,,,,,,,,,,,,,,,,,,,
Coconut hot chocolate,350.0 grams,1298.5,Beverages,,,,,,,,,,,,,,,,,,,,,,,,,
Peanut butter hot chocolate,350.0 grams,1715.0,Beverages,,,,,,,,,,,,,,,,,,,,,,,,,
Mint hot chocolate,350.0 grams,1480.5,Beverages,,,,,,,,,,,,,,,,,,,,,,,,,
Iced Tea,400.0 grams,4.0,Beverages,,,,,,,,,,,,,,,,,,,,,,,,,
Lemonade,400.0 grams,192.0,Beverages,,,,,,,,,,,,,,,,,,,,,,,,,
Smoothies,350.0 grams,273.0,Beverages,,,,,,,,,,,,,,,,,,,,,,,,,
Milkshakes,350.0 grams,420.0,Beverages,,,,,,,,,,,,,,,,,,,,,,,,,
Slushies,300.0 grams,375.0,Beverages,,,,,,,,,,,,,,,,,,,,,,,,,
Kombucha,250.0 grams,35.0,Beverages,,,,,,,,,,,,,,,,,,,,,,,,,
Iced Coffee,350.0 grams,10.5,Beverages,,,,,,,,,,,,,,,,,,,,,,,,,
Frappuccino,450.0 grams,571.5,Beverages,,,,,,,,,,,,,,,,,,,,,,,,,
Soda,350.0 grams,147.0,Beverages,,,,,,,,,,,,,,,,,,,,,,,,,
Sparkling Water,350.0 grams,0.0,Beverages,,,,,,,,,,,,,,,,,,,,,,,,,
Flavored Water,350.0 grams,0.0,Beverages,,,,,,,,,,,,,,,,,,,,,,,,,
Coconut Water,350.0 grams,66.5,Beverages,,,,,,,,,,,,,,,,,,,,,,,,,
Sports Drinks,500.0 grams,140.0,Beverages,,,,,,,,,,,,,,,,,,,,,,,,,
Energy Drinks,250.0 grams,112.5,Beverages,,,,,,,,,,,,,,,,,,,,,,,,,
Protien Shakes,500.0 grams,2035.0,Beverages,,,,,,,,,,,,,,,,,,,,,,,,,
Chai Latte(iced),350.0 grams,112.0,Beverages,,,,,,,,,,,,,,,,,,,,,,,,,
Arnold Palmer,400.0 grams,80.0,Beverages,,,,,,,,,,,,,,,,,,,,,,,,,
Italian Soda,350.0 grams,420.0,Beverages,,,,,,,,,,,,,,,,,,,,,,,,,
Agua Fresca,400.0 grams,120.0,Beverages,,,,,,,,,,,,,,,,,,,,,,,,,
Green Smoothies,400.0 grams,200.0,Beverages,,,,,,,,,,,,,,,,,,,,,,,,,
Mango Lassi,350.0 grams,420.0,Beverages,,,,,,,,,,,,,,,,,,,,,,,,,
Cucumber Water,400.0 grams,0.0,Beverages,,,,,,,,,,,,,,,,,,,,,,,,,
Fruit infused Iced Tea,400.0 grams,80.0,Beverages,,,,,,,,,,,,,,,,,,,,,,,,,
Thai Iced tea,400.0 grams,640.0,Beverages,,,,,,,,,,,,,,,,,,,,,,,,,
Matcha Latte (iced),350.0 grams,245.0,Beverages,,,,,,,,,,,,,,,,,,,,,,,,,
Peppermint Iced Tea,400.0 grams,80.0,Beverages,,,,,,,,,,,,,,,,,,,,,,,,,
Peach iced Tea,400.0 grams,120.0,Beverages,,,,,,,,,,,,,,,,,,,,,,,,,
Ginger Beer,350.0 grams,119.0,Beverages,,,,,,,,,,,,,,,,,,,,,,,,,
Limeade,400.0 grams,180.0,Beverages,,,,,,,,,,,,,,,,,,,,,,,,,
Blueberry Smoothie,400.0 grams,200.0,Beverages,,,,,,,,,,,,,,,,,,,,,,,,,
Vanilla Milkshake,450.0 grams,931.5,Beverages,,,,,,,,,,,,,,,,,,,,,,,,,
Chocolate Milkshake,450.0 grams,913.5,Beverages,,,,,,,,,,,,,,,,,,,,,,,,,
Almond Milkshake,450.0 grams,783.0,Beverages,,,,,,,,,,,,,,,,,,,,,,,,,
Cashew Milkshake,450.0 grams,891.0,Beverages,,,,,,,,,,,,,,,,,,,,,,,,,
Rose Water Lemonade,400.0 grams,156.0,Beverages,,,,,,,,,,,,,,,,,,,,,,,,,
Mint Lemonande,400.0 grams,196.0,Beverages,,,,,,,,,,,,,,,,,,,,,,,,,
Black Iced Tea,400.0 grams,4.0,Beverages,,,,,,,,,,,,,,,,,,,,,,,,,
White Iced Tea,400.0 grams,4.0,Beverages,,,,,,,,,,,,,,,,,,,,,,,,,
Rooibos Iced tea,400.0 grams,4.0,Beverages,,,,,,,,,,,,,,,,,,,,,,,,,
Broccoli,91.0 grams,30.94,Vegetables,,,,,,,,,,,,,,,,,,,,,,,,,
Carrots,61.0 grams,25.01,Vegetables,,,,,,,,,,,,,,,,,,,,,,,,,
Spinach,30.0 grams,6.9,Vegetables,,,,,,,,,,,,,,,,,,,,,,,,,
Sweet Potato,114.0 grams,98.04,Vegetables,,,,,,,,,,,,,,,,,,,,,,,,,
Tomatoes,123.0 grams,22.14,Vegetables,,,,,,,,,,,,,,,,,,,,,,,,,
Beetroot,136.0 grams,58.48,Vegetables,,,,,,,,,,,,,,,,,,,,,,,,,
Cabbage,70.0 grams,17.5,Vegetables,,,,,,,,,,,,,,,,,,,,,,,,,
Cauliflower,100.0 grams,25.0,Vegetables,,,,,,,,,,,,,,,,,,,,,,,,,
Celery,101.0 grams,16.16,Vegetables,,,,,,,,,,,,,,,,,,,,,,,,,
Cucumber,104.0 grams,15.6,Vegetables,,,,,,,,,,,,,,,,,,,,,,,,,
Garlic,3.0 grams,4.47,Vegetables,,,,,,,,,,,,,,,,,,,,,,,,,
Lettuce,56.0 grams,8.4,Vegetables,,,,,,,,,,,,,,,,,,,,,,,,,
Mushroom,70.0 grams,15.4,Vegetables,,,,,,,,,,,,,,,,,,,,,,,,,
Onion,110.0 grams,44.0,Vegetables,,,,,,,,,,,,,,,,,,,,,,,,,
Peas,85.0 grams,68.85,Vegetables,,,,,,,,,,,,,,,,,,,,,,,,,
Green Pepper,74.0 grams,14.8,Vegetables,,,,,,,,,,,,,,,,,,,,,,,,,
Yellow Pepper,186.0 grams,50.22,Vegetables,,,,,,,,,,,,,,,,,,,,,,,,,
Red Pepper,74.0 grams,22.94,Vegetables,,,,,,,,,,,,,,,,,,,,,,,,,
Potato,173.0 grams,133.21,Vegetables,,,,,,,,,,,,,,,,,,,,,,,,,
Pumpkin,116.0 grams,30.16,Vegetables,,,,,,,,,,,,,,,,,,,,,,,,,
Radish,116.0 grams,18.56,Vegetables,,,,,,,,,,,,,,,,,,,,,,,,,
Zucchini,113.0 grams,19.21,Vegetables,,,,,,,,,,,,,,,,,,,,,,,,,
Water Chestnut,74.0 grams,71.78,Vegetables,,,,,,,,,,,,,,,,,,,,,,,,,
Turnips,130.0 grams,36.4,Vegetables,,,,,,,,,,,,,,,,,,,,,,,,,
Yellow Onion,100.0 grams,40.0,Vegetables,,,,,,,,,,,,,,,,,,,,,,,,,
Green Onion,25.0 grams,2.5,Vegetables,,,,,,,,,,,,,,,,,,,,,,,,,
Eggplant,82.0 grams,20.5,Vegetables,,,,,,,,,,,,,,,,,,,,,,,,,
Dandelion Greens,55.0 grams,24.75,Vegetables,,,,,,,,,,,,,,,,,,,,,,,,,
Artichokes,120.0 grams,56.4,Vegetables,,,,,,,,,,,,,,,,,,,,,,,,,
Asparagus,100.0 grams,20.0,Vegetables,,,,,,,,,,,,,,,,,,,,,,,,,
Arugula,10.0 grams,2.5,Vegetables,,,,,,,,,,,,,,,,,,,,,,,,,
Aubergine,82.0 grams,20.5,Vegetables,,,,,,,,,,,,,,,,,,,,,,,,,
Bean Sprouts,100.0 grams,30.0,Vegetables,,,,,,,,,,,,,,,,,,,,,,,,,
Bell Peppers,100.0 grams,31.0,Vegetables,,,,,,,,,,,,,,,,,,,,,,,,,
Bok Choi,100.0 grams,13.0,Vegetables,,,,,,,,,,,,,,,,,,,,,,,,,
Broad Beans,100.0 grams,88.0,Vegetables,,,,,,,,,,,,,,,,,,,,,,,,,
Brussels Sprouts,100.0 grams,43.0,Vegetables,,,,,,,,,,,,,,,,,,,,,,,,,
Calabrese,100.0 grams,34.0,Vegetables,,,,,,,,,,,,,,,,,,,,,,,,,
Capers,5.0 grams,1.15,Vegetables,,,,,,,,,,,,,,,,,,,,,,,,,
Capsicum,75.0 grams,19.5,Vegetables,,,,,,,,,,,,,,,,,,,,,,,,,
Cardoons,50.0 grams,8.5,Vegetables,,,,,,,,,,,,,,,,,,,,,,,,,
Butternut Squash,205.0 grams,92.25,Vegetables,,,,,,,,,,,,,,,,,,,,,,,,,
Courgette,100.0 grams,17.0,Vegetables,,,,,,,,,,,,,,,,,,,,,,,,,
Daikon Radish,100.0 grams,18.0,Vegetables,,,,,,,,,,,,,,,,,,,,,,,,,
Cassava,100.0 grams,160.0,Vegetables,,,,,,,,,,,,,,,,,,,,,,,,,
Choy Sum,100.0 grams,35.0,Vegetables,,,,,,,,,,,,,,,,,,,,,,,,,
Cime de Rapa,100.0 grams,29.0,Vegetables,,,,,,,,,,,,,,,,,,,,,,,,,
Chayote Squash,100.0 grams,19.0,Vegetables,,,,,,,,,,,,,,,,,,,,,,,,,
Endive,100.0 grams,17.0,Vegetables,,,,,,,,,,,,,,,,,,,,,,,,,
Escarole,100.0 grams,19.0,Vegetables,,,,,,,,,,,,,,,,,,,,,,,,,
Fava Beans,100.0 grams,341.0,Vegetables,,,,,,,,,,,,,,,,,,,,,,,,,
Fiddlehead,100.0 grams,34.0,Vegetables,,,,,,,,,,,,,,,,,,,,,,,,,
Dasheen,100.0 grams,112.0,Vegetables,,,,,,,,,,,,,,,,,,,,,,,,,
Datil Pepper,100.0 grams,40.0,Vegetables,,,,,,,,,,,,,,,,,,,,,,,,,
Delicata Squash,100.0 grams,31.0,Vegetables,,,,,,,,,,,,,,,,,,,,,,,,,
Fingerlimes,100.0 grams,29.0,Vegetables,,,,,,,,,,,,,,,,,,,,,,,,,
French Beans,100.0 grams,31.0,Vegetables,,,,,,,,,,,,,,,,,,,,,,,,,
French Sorrel,100.0 grams,22.0,Vegetables,,,,,,,,,,,,,,,,,,,,,,,,,
Frisee,100.0 grams,17.0,Vegetables,,,,,,,,,,,,,,,,,,,,,,,,,
Galangal,100.0 grams,146.0,Vegetables,,,,,,,,,,,,,,,,,,,,,,,,,
Garbanzo Beans,100.0 grams,164.0,Vegetables,,,,,,,,,,,,,,,,,,,,,,,,,
Garden Rocket,100.0 grams,25.0,Vegetables,,,,,,,,,,,,,,,,,,,,,,,,,
Gongura,100.0 grams,15.0,Vegetables,,,,,,,,,,,,,,,,,,,,,,,,,
Green Beans,100.0 grams,31.0,Vegetables,,,,,,,,,,,,,,,,,,,,,,,,,
Green Onions,100.0 grams,32.0,Vegetables,,,,,,,,,,,,,,,,,,,,,,,,,
Guar,100.0 grams,386.0,Vegetables,,,,,,,,,,,,,,,,,,,,,,,,,
Hass Avocado,100.0 grams,160.0,Vegetables,,,,,,,,,,,,,,,,,,,,,,,,,
Delicacy White Kohlrabi,100.0 grams,27.0,Vegetables,,,,,,,,,,,,,,,,,,,,,,,,,
Dickinson Pumpkin,100.0 grams,26.0,Vegetables,,,,,,,,,,,,,,,,,,,,,,,,,
Edamame Beans,100.0 grams,121.0,Vegetables,,,,,,,,,,,,,,,,,,,,,,,,,
Elephant garlic,100.0 grams,149.0,Vegetables,,,,,,,,,,,,,,,,,,,,,,,,,
Habanero,45.0 grams,9.45,Vegetables,,,,,,,,,,,,,,,,,,,,,,,,,
Haricot Beans,100.0 grams,127.0,Vegetables,,,,,,,,,,,,,,,,,,,,,,,,,
Heirloom Tomatoes,100.0 grams,18.0,Vegetables,,,,,,,,,,,,,,,,,,,,,,,,,
Hispi Cabbage,100.0 grams,49.0,Vegetables,,,,,,,,,,,,,,,,,,,,,,,,,
Hokkaido Squash,100.0 grams,32.0,Vegetables,,,,,,,,,,,,,,,,,,,,,,,,,
Horseradish,46.0 grams,22.08,Vegetables,,,,,,,,,,,,,,,,,,,,,,,,,
Iceberg Lettuce,57.0 grams,5.7,Vegetables,,,,,,,,,,,,,,,,,,,,,,,,,
Ice Cream Bean,100.0 grams,34.0,Vegetables,,,,,,,,,,,,,,,,,,,,,,,,,
Italian Red Onion,40.0 grams,12.8,Vegetables,,,,,,,,,,,,,,,,,,,,,,,,,
Ivy Gourd,60.0 grams,12.0,Vegetables,,,,,,,,,,,,,,,,,,,,,,,,,
Jalapeno,14.0 grams,0.56,Vegetables,,,,,,,,,,,,,,,,,,,,,,,,,
Japanese Mustard Greens,50.0 grams,13.5,Vegetables,,,,,,,,,,,,,,,,,,,,,,,,,
Jerusalem Artichokes,100.0 grams,73.0,Vegetables,,,,,,,,,,,,,,,,,,,,,,,,,
Jicama,100.0 grams,49.0,Vegetables,,,,,,,,,,,,,,,,,,,,,,,,,
Jojoto,150.0 grams,115.5,Vegetables,,,,,,,,,,,,,,,,,,,,,,,,,
Kabocha Squash,150.0 grams,60.0,Vegetables,,,,,,,,,,,,,,,,,,,,,,,,,
Kai Lan,75.0 grams,10.5,Vegetables,,,,,,,,,,,,,,,,,,,,,,,,,
Kale,75.0 grams,24.75,Vegetables,,,,,,,,,,,,,,,,,,,,,,,,,
Kangkong,100.0 grams,19.0,Vegetables,,,,,,,,,,,,,,,,,,,,,,,,,
Kelp,100.0 grams,43.0,Vegetables,,,,,,,,,,,,,,,,,,,,,,,,,
Kennebec Potato,100.0 grams,77.0,Vegetables,,,,,,,,,,,,,,,,,,,,,,,,,
Kidney Bean,100.0 grams,127.0,Vegetables,,,,,,,,,,,,,,,,,,,,,,,,,
King Edward Potato,150.0 grams,115.5,Vegetables,,,,,,,,,,,,,,,,,,,,,,,,,
Kohlrabi,135.0 grams,36.45,Vegetables,,,,,,,,,,,,,,,,,,,,,,,,,
Komatsuna,65.0 grams,8.45,Vegetables,,,,,,,,,,,,,,,,,,,,,,,,,
Kombu,10.0 grams,3.4,Vegetables,,,,,,,,,,,,,,,,,,,,,,,,,
Kovakkai,61.0 grams,9.76,Vegetables,,,,,,,,,,,,,,,,,,,,,,,,,
Kuka,28.0 grams,13.72,Vegetables,,,,,,,,,,,,,,,,,,,,,,,,,
Kurrat,38.0 grams,17.86,Vegetables,,,,,,,,,,,,,,,,,,,,,,,,,
Lacinto Kale,70.0 grams,34.3,Vegetables,,,,,,,,,,,,,,,,,,,,,,,,,
Lagos Bologi,100.0 grams,16.0,Vegetables,,,,,,,,,,,,,,,,,,,,,,,,,
Lakota Squash,100.0 grams,34.0,Vegetables,,,,,,,,,,,,,,,,,,,,,,,,,
Land Cress,100.0 grams,22.0,Vegetables,,,,,,,,,,,,,,,,,,,,,,,,,
Laver,100.0 grams,35.0,Vegetables,,,,,,,,,,,,,,,,,,,,,,,,,
Leaf Celery,100.0 grams,16.0,Vegetables,,,,,,,,,,,,,,,,,,,,,,,,,
Lebanese Cucumber,100.0 grams,15.0,Vegetables,,,,,,,,,,,,,,,,,,,,,,,,,
Yacon,100.0 grams,76.0,Vegetables,,,,,,,,,,,,,,,,,,,,,,,,,
Yam,100.0 grams,118.0,Vegetables,,,,,,,,,,,,,,,,,,,,,,,,,
Yam Bean,100.0 grams,130.0,Vegetables,,,,,,,,,,,,,,,,,,,,,,,,,
Yarrow,100.0 grams,36.0,Vegetables,,,,,,,,,,,,,,,,,,,,,,,,,
Yao Choy,100.0 grams,17.0,Vegetables,,,,,,,,,,,,,,,,,,,,,,,,,
Yardlong Bean,100.0 grams,47.0,Vegetables,,,,,,,,,,,,,,,,,,,,,,,,,
Yellow Squash,100.0 grams,16.0,Vegetables,,,,,,,,,,,,,,,,,,,,,,,,,
Yuca Root,100.0 grams,152.0,Vegetables,,,,,,,,,,,,,,,,,,,,,,,,,
Yukon Gold Potato,100.0 grams,77.0,Vegetables,,,,,,,,,,,,,,,,,,,,,,,,,
Zebra Eggplant,100.0 grams,25.0,Vegetables,,,,,,,,,,,,,,,,,,,,,,,,,
Zizania Latifolia,100.0 grams,101.0,Vegetables,,,,,,,,,,,,,,,,,,,,,,,,,
Watercress,100.0 grams,11.0,Vegetables,,,,,,,,,,,,,,,,,,,,,,,,,
Wax Beans,100.0 grams,31.0,Vegetables,,,,,,,,,,,,,,,,,,,,,,,,,
Welsh Onions,100.0 grams,32.0,Vegetables,,,,,,,,,,,,,,,,,,,,,,,,,
White Radish,100.0 grams,16.0,Vegetables,,,,,,,,,,,,,,,,,,,,,,,,,
Vanilla,4.0 grams,11.52,Vegetables,,,,,,,,,,,,,,,,,,,,,,,,,
Velvet Bean,100.0 grams,347.0,Vegetables,,,,,,,,,,,,,,,,,,,,,,,,,
Vidalia Onion,148.0 grams,88.8,Vegetables,,,,,,,,,,,,,,,,,,,,,,,,,
Vivaldi Potatoes,148.0 grams,130.24,Vegetables,,,,,,,,,,,,,,,,,,,,,,,,,
Rock Samphire,100.0 grams,49.0,Vegetables,,,,,,,,,,,,,,,,,,,,,,,,,
Roma Tomatoes,100.0 grams,18.0,Vegetables,,,,,,,,,,,,,,,,,,,,,,,,,
Romaine Lettuce,100.0 grams,17.0,Vegetables,,,,,,,,,,,,,,,,,,,,,,,,,
Romanesco,100.0 grams,30.0,Vegetables,,,,,,,,,,,,,,,,,,,,,,,,,
Rosa Bianca Eggplant,100.0 grams,25.0,Vegetables,,,,,,,,,,,,,,,,,,,,,,,,,
Runner Beans,100.0 grams,31.0,Vegetables,,,,,,,,,,,,,,,,,,,,,,,,,
Pinkbean,100.0 grams,341.0,Vegetables,,,,,,,,,,,,,,,,,,,,,,,,,
Pinto Beans,100.0 grams,347.0,Vegetables,,,,,,,,,,,,,,,,,,,,,,,,,
Pitwaa,100.0 grams,38.0,Vegetables,,,,,,,,,,,,,,,,,,,,,,,,,
Plum Tomatoes,100.0 grams,18.0,Vegetables,,,,,,,,,,,,,,,,,,,,,,,,,
Pointed Cabbage,100.0 grams,16.0,Vegetables,,,,,,,,,,,,,,,,,,,,,,,,,
Navy Beans,333.0 grams,200.13,Vegetables,,,,,,,,,,,,,,,,,,,,,,,,,
Neeps,28.0 grams,1.73,Vegetables,,,,,,,,,,,,,,,,,,,,,,,,,
Nettles,42.0 grams,2.56,Vegetables,,,,,,,,,,,,,,,,,,,,,,,,,
New Potatoes,77.0 grams,13.32,Vegetables,,,,,,,,,,,,,,,,,,,,,,,,,
Methi,100.0 grams,49.0,Vegetables,,,,,,,,,,,,,,,,,,,,,,,,,
Microgreens,100.0 grams,20.0,Vegetables,,,,,,,,,,,,,,,,,,,,,,,,,
Mizuna,100.0 grams,27.0,Vegetables,,,,,,,,,,,,,,,,,,,,,,,,,
Molokhia,100.0 grams,53.0,Vegetables,,,,,,,,,,,,,,,,,,,,,,,,,
Broiler Chicken,100.0 grams,239.0,Meat,,,,,,,,,,,,,,,,,,,,,,,,,
Desi Chicken,100.0 grams,205.0,Meat,,,,,,,,,,,,,,,,,,,,,,,,,
Kadaknath Chicken,100.0 grams,200.0,Meat,,,,,,,,,,,,,,,,,,,,,,,,,
Rohu Fish,100.0 grams,97.0,Meat,,,,,,,,,,,,,,,,,,,,,,,,,
Katla Fish,100.0 grams,129.0,Meat,,,,,,,,,,,,,,,,,,,,,,,,,
Hilsa Fish,100.0 grams,310.0,Meat,,,,,,,,,,,,,,,,,,,,,,,,,
Pomfret Fish,100.0 grams,105.0,Meat,,,,,,,,,,,,,,,,,,,,,,,,,
Surmai Fish,100.0 grams,133.0,Meat,,,,,,,,,,,,,,,,,,,,,,,,,
Bangda Fish,100.0 grams,113.0,Meat,,,,,,,,,,,,,,,,,,,,,,,,,
Prawns Fish,100.0 grams,90.0,Meat,,,,,,,,,,,,,,,,,,,,,,,,,
Lobster Fish,100.0 grams,90.0,Meat,,,,,,,,,,,,,,,,,,,,,,,,,
Crabs Fish,100.0 grams,84.0,Meat,,,,,,,,,,,,,,,,,,,,,,,,,
Tuna Fish,100.0 grams,144.0,Meat,,,,,,,,,,,,,,,,,,,,,,,,,
Salmon Fish,100.0 grams,206.0,Meat,,,,,,,,,,,,,,,,,,,,,,,,,
Sole Fish,100.0 grams,70.0,Meat,,,,,,,,,,,,,,,,,,,,,,,,,
Sardines Fish,100.0 grams,208.0,Meat,,,,,,,,,,,,,,,,,,,,,,,,,
Beef Meat,100.0 grams,250.0,Meat,,,,,,,,,,,,,,,,,,,,,,,,,
Pork Meat,100.0 grams,250.0,Meat,,,,,,,,,,,,,,,,,,,,,,,,,
Lambs Meat,100.0 grams,250.0,Meat,,,,,,,,,,,,,,,,,,,,,,,,,
Mutton Meat,100.0 grams,310.0,Meat,,,,,,,,,,,,,,,,,,,,,,,,,
Deer Meat,100.0 grams,142.0,Meat,,,,,,,,,,,,,,,,,,,,,,,,,
Rabbits Meat,100.0 grams,206.0,Meat,,,,,,,,,,,,,,,,,,,,,,,,,
Snails Meat,100.0 grams,90.0,Meat,,,,,,,,,,,,,,,,,,,,,,,,,
Duck Meat,100.0 grams,337.0,Meat,,,,,,,,,,,,,,,,,,,,,,,,,
Quail Meat,100.0 grams,158.0,Meat,,,,,,,,,,,,,,,,,,,,,,,,,
Turkey Meat,100.0 grams,135.0,Meat,,,,,,,,,,,,,,,,,,,,,,,,,
Guinea Fowl Meat,100.0 grams,142.0,Meat,,,,,,,,,,,,,,,,,,,,,,,,,
Pigeon Meat,100.0 grams,139.0,Meat,,,,,,,,,,,,,,,,,,,,,,,,,
Emu Meat,100.0 grams,120.0,Meat,,,,,,,,,,,,,,,,,,,,,,,,,
Goose Meat,100.0 grams,238.0,Meat,,,,,,,,,,,,,,,,,,,,,,,,,
Pabda Fish,100.0 grams,90.0,Meat,,,,,,,,,,,,,,,,,,,,,,,,,
Tengra Fish,100.0 grams,118.0,Meat,,,,,,,,,,,,,,,,,,,,,,,,,
Shingi Fish,100.0 grams,105.0,Meat,,,,,,,,,,,,,,,,,,,,,,,,,
Chital Fish,100.0 grams,97.0,Meat,,,,,,,,,,,,,,,,,,,,,,,,,
Puti Fish,100.0 grams,89.0,Meat,,,,,,,,,,,,,,,,,,,,,,,,,
Shrimp Seafood,100.0 grams,99.0,Meat,,,,,,,,,,,,,,,,,,,,,,,,,
Lobster Seafood,100.0 grams,89.0,Meat,,,,,,,,,,,,,,,,,,,,,,,,,
Mussels Seafood,100.0 grams,146.0,Meat,,,,,,,,,,,,,,,,,,,,,,,,,
Squid Seafood,100.0 grams,92.0,Meat,,,,,,,,,,,,,,,,,,,,,,,,,
Oysters Seafood,100.0 grams,81.0,Meat,,,,,,,,,,,,,,,,,,,,,,,,,
Clams Seafood,100.0 grams,148.0,Meat,,,,,,,,,,,,,,,,,,,,,,,,,
Cochin Chicken,100.0 grams,165.0,Meat,,,,,,,,,,,,,,,,,,,,,,,,,
Leghorn Chicken,100.0 grams,164.0,Meat,,,,,,,,,,,,,,,,,,,,,,,,,
Acorns,100.0 grams,387.0,Nuts & Seeds,,,,,,,,,,,,,,,,,,,,,,,,,
Almonds,28.0 grams,161.28,Nuts & Seeds,,,,,,,,,,,,,,,,,,,,,,,,,
Baru Nuts,100.0 grams,475.0,Nuts & Seeds,,,,,,,,,,,,,,,,,,,,,,,,,
Beech Nuts,100.0 grams,567.0,Nuts & Seeds,,,,,,,,,,,,,,,,,,,,,,,,,
Black Walnut,100.0 grams,691.0,Nuts & Seeds,,,,,,,,,,,,,,,,,,,,,,,,,
Brazil Nuts,28.0 grams,183.67,Nuts & Seeds,,,,,,,,,,,,,,,,,,,,,,,,,
Butternut,120.0 grams,54.0,Nuts & Seeds,,,,,,,,,,,,,,,,,,,,,,,,,
Cacao Seeds,28.0 grams,148.4,Nuts & Seeds,,,,,,,,,,,,,,,,,,,,,,,,,
Candlenut,28.0 grams,200.76,Nuts & Seeds,,,,,,,,,,,,,,,,,,,,,,,,,
Caraway Seeds,2.1 grams,6.993,Nuts & Seeds,,,,,,,,,,,,,,,,,,,,,,,,,
Cashews,28.0 grams,154.84,Nuts & Seeds,,,,,,,,,,,,,,,,,,,,,,,,,
Cedar Nuts,28.0 grams,156.8,Nuts & Seeds,,,,,,,,,,,,,,,,,,,,,,,,,
Chestnuts,84.0 grams,178.92,Nuts & Seeds,,,,,,,,,,,,,,,,,,,,,,,,,
Chia Seeds,28.0 grams,136.08,Nuts & Seeds,,,,,,,,,,,,,,,,,,,,,,,,,
Coconut,28.0 grams,79.24,Nuts & Seeds,,,,,,,,,,,,,,,,,,,,,,,,,
Filbert,28.0 grams,175.84,Nuts & Seeds,,,,,,,,,,,,,,,,,,,,,,,,,
Flax Seeds,10.0 grams,53.4,Nuts & Seeds,,,,,,,,,,,,,,,,,,,,,,,,,
Ginkgo nuts,28.0 grams,50.96,Nuts & Seeds,,,,,,,,,,,,,,,,,,,,,,,,,
Hazelnuts,28.0 grams,175.84,Nuts & Seeds,,,,,,,,,,,,,,,,,,,,,,,,,
Heartnut,28.0 grams,198.51,Nuts & Seeds,,,,,,,,,,,,,,,,,,,,,,,,,
Hemp Seeds,30.0 grams,165.9,Nuts & Seeds,,,,,,,,,,,,,,,,,,,,,,,,,
Hickory Nuts,28.0 grams,54.04,Nuts & Seeds,,,,,,,,,,,,,,,,,,,,,,,,,
Jackfruit Seeds,100.0 grams,135.0,Nuts & Seeds,,,,,,,,,,,,,,,,,,,,,,,,,
Kola Nuts,28.0 grams,93.8,Nuts & Seeds,,,,,,,,,,,,,,,,,,,,,,,,,
Macadamia Nuts,28.35 grams,203.55,Nuts & Seeds,,,,,,,,,,,,,,,,,,,,,,,,,
Mongongo Nuts,28.35 grams,159.61,Nuts & Seeds,,,,,,,,,,,,,,,,,,,,,,,,,
Nigella Seeds,5.0 grams,17.25,Nuts & Seeds,,,,,,,,,,,,,,,,,,,,,,,,,
Oak Nuts,28.35 grams,160.74,Nuts & Seeds,,,,,,,,,,,,,,,,,,,,,,,,,
Peanuts,28.35 grams,160.74,Nuts & Seeds,,,,,,,,,,,,,,,,,,,,,,,,,
Pecans,28.35 grams,195.89,Nuts & Seeds,,,,,,,,,,,,,,,,,,,,,,,,,
Pili Nut,28.35 grams,196.18,Nuts & Seeds,,,,,,,,,,,,,,,,,,,,,,,,,
Pine Nuts,28.0 grams,188.44,Nuts & Seeds,,,,,,,,,,,,,,,,,,,,,,,,,
Pistachios,28.0 grams,157.36,Nuts & Seeds,,,,,,,,,,,,,,,,,,,,,,,,,
Pomegranate Arils,87.0 grams,72.21,Nuts & Seeds,,,,,,,,,,,,,,,,,,,,,,,,,
Poppy Seeds,28.0 grams,147.0,Nuts & Seeds,,,,,,,,,,,,,,,,,,,,,,,,,
Pumpkin Seeds,28.0 grams,35.28,Nuts & Seeds,,,,,,,,,,,,,,,,,,,,,,,,,
Quinoa Seeds,185.0 grams,680.8,Nuts & Seeds,,,,,,,,,,,,,,,,,,,,,,,,,
Sesame Seeds,9.0 grams,51.57,Nuts & Seeds,,,,,,,,,,,,,,,,,,,,,,,,,
Soynuts,28.0 grams,126.0,Nuts & Seeds,,,,,,,,,,,,,,,,,,,,,,,,,
Squash Seeds,28.0 grams,168.0,Nuts & Seeds,,,,,,,,,,,,,,,,,,,,,,,,,
Sunflower Seeds,28.0 grams,163.51,Nuts & Seeds,,,,,,,,,,,,,,,,,,,,,,,,,
Walnuts,28.0 grams,183.12,Nuts & Seeds,,,,,,,,,,,,,,,,,,,,,,,,,
Watermelon Seeds,100.0 grams,557.0,Nuts & Seeds,,,,,,,,,,,,,,,,,,,,,,,,,
Greek salad,100.0 grams,150.0,Salads,,,,,,,,,,,,,,,,,,,,,,,,,
Caesar salad,100.0 grams,143.0,Non-veg Salads,,,,,,,,,,,,,,,,,,,,,,,,,
Caprese salad,100.0 grams,190.0,Salads,,,,,,,,,,,,,,,,,,,,,,,,,
Cobb salad,100.0 grams,204.0,Non-veg Salads,,,,,,,,,,,,,,,,,,,,,,,,,
Waldorf salad,100.0 grams,183.0,Salads,,,,,,,,,,,,,,,,,,,,,,,,,
Potato salad,100.0 grams,143.0,Salads,,,,,,,,,,,,,,,,,,,,,,,,,
Coleslaw,100.0 grams,145.0,Salads,,,,,,,,,,,,,,,,,,,,,,,,,
Tuna salad,100.0 grams,136.0,Non-veg Salads,,,,,,,,,,,,,,,,,,,,,,,,,
Chicken Caesar salad,100.0 grams,160.0,Non-veg Salads,,,,,,,,,,,,,,,,,,,,,,,,,
Macaroni salad,100.0 grams,235.0,Salads,,,,,,,,,,,,,,,,,,,,,,,,,
Pasta salad,100.0 grams,182.0,Salads,,,,,,,,,,,,,,,,,,,,,,,,,
Ambrosia salad,100.0 grams,137.0,Non-veg Salads,,,,,,,,,,,,,,,,,,,,,,,,,
Antipasto salad,100.0 grams,177.0,Non-veg Salads,,,,,,,,,,,,,,,,,,,,,,,,,
Black bean salad,100.0 grams,174.0,Salads,,,,,,,,,,,,,,,,,,,,,,,,,
Broccoli salad,100.0 grams,154.0,Salads,,,,,,,,,,,,,,,,,,,,,,,,,
Carrot salad,100.0 grams,149.0,Salads,,,,,,,,,,,,,,,,,,,,,,,,,
Chickpea salad,100.0 grams,119.0,Salads,,,,,,,,,,,,,,,,,,,,,,,,,
Cucumber salad,100.0 grams,12.0,Salads,,,,,,,,,,,,,,,,,,,,,,,,,
Egg salad,100.0 grams,145.0,Non-veg Salads,,,,,,,,,,,,,,,,,,,,,,,,,
Falafel salad,100.0 grams,333.0,Non-veg Salads,,,,,,,,,,,,,,,,,,,,,,,,,
Fruit salad,100.0 grams,57.0,Salads,,,,,,,,,,,,,,,,,,,,,,,,,
Grilled vegetable salad,127.0 grams,78.74,Salads,,,,,,,,,,,,,,,,,,,,,,,,,
Israeli salad,240.0 grams,112.8,Salads,,,,,,,,,,,,,,,,,,,,,,,,,
Kale salad,67.0 grams,32.83,Salads,,,,,,,,,,,,,,,,,,,,,,,,,
Lentil salad,198.0 grams,425.7,Salads,,,,,,,,,,,,,,,,,,,,,,,,,
Mediterranean salad,140.0 grams,210.0,Salads,,,,,,,,,,,,,,,,,,,,,,,,,
Nicoise salad,329.0 grams,1036.35,Non-veg Salads,,,,,,,,,,,,,,,,,,,,,,,,,
Panzanella salad,200.0 grams,204.0,Salads,,,,,,,,,,,,,,,,,,,,,,,,,
Quinoa salad,200.0 grams,222.0,Salads,,,,,,,,,,,,,,,,,,,,,,,,,
Roasted beet salad,200.0 grams,160.0,Salads,,,,,,,,,,,,,,,,,,,,,,,,,
Spinach salad,200.0 grams,52.0,Salads,,,,,,,,,,,,,,,,,,,,,,,,,
Steak salad,100.0 grams,147.0,Non-veg Salads,,,,,,,,,,,,,,,,,,,,,,,,,
Tabouli salad,100.0 grams,78.0,Salads,,,,,,,,,,,,,,,,,,,,,,,,,
Waldorf chicken salad,100.0 grams,134.0,Non-veg Salads,,,,,,,,,,,,,,,,,,,,,,,,,
Asian coleslaw,100.0 grams,114.0,Salads,,,,,,,,,,,,,,,,,,,,,,,,,
Avocado and cucumber salad,100.0 grams,70.0,Salads,,,,,,,,,,,,,,,,,,,,,,,,,
Bacon ranch potato salad,100.0 grams,143.0,Non-veg Salads,,,,,,,,,,,,,,,,,,,,,,,,,
Barley and roasted vegetable salad,100.0 grams,109.0,Salads,,,,,,,,,,,,,,,,,,,,,,,,,
Beet and goat cheese salad,100.0 grams,133.0,Non-veg Salads,,,,,,,,,,,,,,,,,,,,,,,,,
Buffalo chicken salad,100.0 grams,141.0,Non-veg Salads,,,,,,,,,,,,,,,,,,,,,,,,,
Caesar salad with shrimp,100.0 grams,166.0,Non-veg Salads,,,,,,,,,,,,,,,,,,,,,,,,,
Chickpea and feta salad,100.0 grams,158.0,Non-veg Salads,,,,,,,,,,,,,,,,,,,,,,,,,
Chinese chicken salad,100.0 grams,183.0,Non-veg Salads,,,,,,,,,,,,,,,,,,,,,,,,,
Citrus avocado salad,100.0 grams,142.0,Salads,,,,,,,,,,,,,,,,,,,,,,,,,
Couscous salad,100.0 grams,131.0,Salads,,,,,,,,,,,,,,,,,,,,,,,,,
Cranberry and walnut salad,100.0 grams,173.0,Salads,,,,,,,,,,,,,,,,,,,,,,,,,
Curried chicken salad,100.0 grams,132.0,Non-veg Salads,,,,,,,,,,,,,,,,,,,,,,,,,
Grilled corn salad,100.0 grams,132.0,Salads,,,,,,,,,,,,,,,,,,,,,,,,,
Grilled peach and chicken salad,100.0 grams,130.0,Non-veg Salads,,,,,,,,,,,,,,,,,,,,,,,,,
Grilled shrimp and vegetable salad,100.0 grams,89.0,Non-veg Salads,,,,,,,,,,,,,,,,,,,,,,,,,
Italian pasta salad,100.0 grams,211.0,Salads,,,,,,,,,,,,,,,,,,,,,,,,,
Kale and quinoa salad,100.0 grams,110.0,Salads,,,,,,,,,,,,,,,,,,,,,,,,,
Mango and black bean salad,100.0 grams,121.0,Salads,,,,,,,,,,,,,,,,,,,,,,,,,
Melon and prosciutto salad,100.0 grams,128.0,Non-veg Salads,,,,,,,,,,,,,,,,,,,,,,,,,
Moroccan chickpea salad,240.0 grams,364.8,Salads,,,,,,,,,,,,,,,,,,,,,,,,,
Orange and fennel salad,120.0 grams,72.0,Salads,,,,,,,,,,,,,,,,,,,,,,,,,
Peach and burrata salad,175.0 grams,231.0,Salads,,,,,,,,,,,,,,,,,,,,,,,,,
Pesto pasta salad,150.0 grams,300.0,Salads,,,,,,,,,,,,,,,,,,,,,,,,,
Rainbow salad,100.0 grams,112.0,Salads,,,,,,,,,,,,,,,,,,,,,,,,,
Red potato salad with dill,100.0 grams,121.0,Salads,,,,,,,,,,,,,,,,,,,,,,,,,
Roasted sweet potato and kale salad,100.0 grams,95.0,Salads,,,,,,,,,,,,,,,,,,,,,,,,,
Salmon Nicoise salad,100.0 grams,138.0,Non-veg Salads,,,,,,,,,,,,,,,,,,,,,,,,,
Shrimp and avocado salad,150.0 grams,270.0,Non-veg Salads,,,,,,,,,,,,,,,,,,,,,,,,,
Southwestern black bean salad,150.0 grams,195.0,Salads,,,,,,,,,,,,,,,,,,,,,,,,,
Spicy Thai beef salad,150.0 grams,315.0,Non-veg Salads,,,,,,,,,,,,,,,,,,,,,,,,,
Strawberry and goat cheese salad,150.0 grams,225.0,Salads,,,,,,,,,,,,,,,,,,,,,,,,,
Summer corn salad,150.0 grams,195.0,Salads,,,,,,,,,,,,,,,,,,,,,,,,,
Tomato and mozzarella salad,150.0 grams,240.0,Salads,,,,,,,,,,,,,,,,,,,,,,,,,
Watermelon and feta salad,250.0 grams,127.5,Salads,,,,,,,,,,,,,,,,,,,,,,,,,
Chicken noodle soup,240.0 grams,148.8,Non-veg Soup,,,,,,,,,,,,,,,,,,,,,,,,,
Tomato soup,245.0 grams,173.95,Soup,,,,,,,,,,,,,,,,,,,,,,,,,
French onion soup,220.0 grams,378.4,Non-veg Soup,,,,,,,,,,,,,,,,,,,,,,,,,
Minestrone soup,244.0 grams,131.76,Soup,,,,,,,,,,,,,,,,,,,,,,,,,
Potato soup,245.0 grams,387.1,Soup,,,,,,,,,,,,,,,,,,,,,,,,,
Vegetable soup,245.0 grams,183.75,Soup,,,,,,,,,,,,,,,,,,,,,,,,,
Lentil soup,198.0 grams,350.46,Soup,,,,,,,,,,,,,,,,,,,,,,,,,
Split pea soup,245.0 grams,565.95,Soup,,,,,,,,,,,,,,,,,,,,,,,,,
Butternut squash soup,245.0 grams,203.35,Soup,,,,,,,,,,,,,,,,,,,,,,,,,
Beef stew soup,245.0 grams,526.75,Non-veg Soup,,,,,,,,,,,,,,,,,,,,,,,,,
Gazpacho soup,240.0 grams,48.0,Soup,,,,,,,,,,,,,,,,,,,,,,,,,
Clam chowder soup,245.0 grams,399.34,Non-veg Soup,,,,,,,,,,,,,,,,,,,,,,,,,
Corn chowder soup,245.0 grams,340.54,Soup,,,,,,,,,,,,,,,,,,,,,,,,,
Broccoli cheddar soup,245.0 grams,399.34,Soup,,,,,,,,,,,,,,,,,,,,,,,,,
Cream of mushroom soup,245.0 grams,227.85,Soup,,,,,,,,,,,,,,,,,,,,,,,,,
Cream of tomato soup,245.0 grams,205.7,Soup,,,,,,,,,,,,,,,,,,,,,,,,,
Fish chowder soup,245.0 grams,347.9,Non-veg Soup,,,,,,,,,,,,,,,,,,,,,,,,,
Black Bean Soup,245.0 grams,340.54,Soup,,,,,,,,,,,,,,,,,,,,,,,,,
Chicken and Rice Soup,245.0 grams,200.8,Non-veg Soup,,,,,,,,,,,,,,,,,,,,,,,,,
Chicken and Dumpling Soup,245.0 grams,281.75,Non-veg Soup,,,,,,,,,,,,,,,,,,,,,,,,,
Italian Wedding Soup,245.0 grams,227.85,Non-veg Soup,,,,,,,,,,,,,,,,,,,,,,,,,
Beef Noodle Soup,245.0 grams,274.4,Non-veg Soup,,,,,,,,,,,,,,,,,,,,,,,,,
Borscht Soup,245.0 grams,164.15,Soup,,,,,,,,,,,,,,,,,,,,,,,,,
Cheese,36.0 grams,145.08,Dairy,,,,,,,,,,,,,,,,,,,,,,,,,
Yogurt,100.0 grams,63.0,Dairy,,,,,,,,,,,,,,,,,,,,,,,,,
Butter,7.05 grams,49.35,Dairy,,,,,,,,,,,,,,,,,,,,,,,,,
Cream Cheese,34.0 grams,116.28,Dairy,,,,,,,,,,,,,,,,,,,,,,,,,
Cottage Cheese,98.0 grams,96.03,Dairy,,,,,,,,,,,,,,,,,,,,,,,,,
Whipped cream,30.0 grams,77.1,Dairy,,,,,,,,,,,,,,,,,,,,,,,,,
Heavy cream,25.0 grams,85.0,Dairy,,,,,,,,,,,,,,,,,,,,,,,,,
Butter Milk,100.0 grams,40.0,Dairy,,,,,,,,,,,,,,,,,,,,,,,,,
Ghee,14.0 grams,126.0,Dairy,,,,,,,,,,,,,,,,,,,,,,,,,
Cream,97.0 grams,329.8,Dairy,,,,,,,,,,,,,,,,,,,,,,,,,
Light Cream,30.0 grams,64.5,Dairy,,,,,,,,,,,,,,,,,,,,,,,,,
Clotted Cream,30.0 grams,175.8,Dairy,,,,,,,,,,,,,,,,,,,,,,,,,
Sour Cream,32.0 grams,63.36,Dairy,,,,,,,,,,,,,,,,,,,,,,,,,
Cow Ghee,14.0 grams,126.0,Dairy,,,,,,,,,,,,,,,,,,,,,,,,,
Buffalo Ghee,14.0 grams,126.0,Dairy,,,,,,,,,,,,,,,,,,,,,,,,,
Desi Ghee,14.0 grams,126.0,Dairy,,,,,,,,,,,,,,,,,,,,,,,,,
Goat Ghee,14.0 grams,126.0,Dairy,,,,,,,,,,,,,,,,,,,,,,,,,
Flavored ghee,15.0 grams,135.0,Dairy,,,,,,,,,,,,,,,,,,,,,,,,,
Pure Ghee,14.0 grams,126.0,Dairy,,,,,,,,,,,,,,,,,,,,,,,,,
PlainYogurt,120.0 grams,73.2,Dairy,,,,,,,,,,,,,,,,,,,,,,,,,
Greek Yogurt,110.0 grams,106.7,Dairy,,,,,,,,,,,,,,,,,,,,,,,,,
Salted Butter,14.0 grams,100.38,Dairy,,,,,,,,,,,,,,,,,,,,,,,,,
Unsalted Butter,15.0 grams,107.55,Dairy,,,,,,,,,,,,,,,,,,,,,,,,,
Whipped Butter,14.0 grams,100.38,Dairy,,,,,,,,,,,,,,,,,,,,,,,,,
Veg Grilled Sandwich,175.0 grams,402.5,Sandwich,,,,,,,,,,,,,,,,,,,,,,,,,
Masala Toast Sandwich,125.0 grams,350.0,Sandwich,,,,,,,,,,,,,,,,,,,,,,,,,
Cheese Sandwich,125.0 grams,412.5,Sandwich,,,,,,,,,,,,,,,,,,,,,,,,,
Paneer Sandwich,175.0 grams,595.0,Sandwich,,,,,,,,,,,,,,,,,,,,,,,,,
Egg Sandwich,175.0 grams,367.5,Non-veg Sandwich,,,,,,,,,,,,,,,,,,,,,,,,,
Peanut Butter and Jelly Sandwich,125.0 grams,438.75,Sandwich,,,,,,,,,,,,,,,,,,,,,,,,,
Chicken Sandwich,175.0 grams,418.25,Non-veg Sandwich,,,,,,,,,,,,,,,,,,,,,,,,,
Club Sandwich,225.0 grams,801.0,Non-veg Sandwich,,,,,,,,,,,,,,,,,,,,,,,,,
Coleslaw Sandwich,175.0 grams,250.25,Sandwich,,,,,,,,,,,,,,,,,,,,,,,,,
Veggie Delight Sandwich,175.0 grams,402.5,Sandwich,,,,,,,,,,,,,,,,,,,,,,,,,
Aloo Toast Sandwich,125.0 grams,400.0,Sandwich,,,,,,,,,,,,,,,,,,,,,,,,,
Corn and Cheese,175.0 grams,472.5,Sandwich,,,,,,,,,,,,,,,,,,,,,,,,,
Cucumber and Tomato Sandwich,125.0 grams,212.5,Sandwich,,,,,,,,,,,,,,,,,,,,,,,,,
Jam Sandwich,125.0 grams,325.0,Sandwich,,,,,,,,,,,,,,,,,,,,,,,,,
Potato and Cheese Sandwich,175.0 grams,612.5,Sandwich,,,,,,,,,,,,,,,,,,,,,,,,,
Bread Butter Sandwich,125.0 grams,361.25,Sandwich,,,,,,,,,,,,,,,,,,,,,,,,,
White Bread,30.0 grams,79.5,Breads,,,,,,,,,,,,,,,,,,,,,,,,,
Wheat Bread,33.0 grams,81.51,Breads,,,,,,,,,,,,,,,,,,,,,,,,,
Whole Grain Bread,33.0 grams,81.51,Breads,,,,,,,,,,,,,,,,,,,,,,,,,
Rye Breads,33.0 grams,85.47,Breads,,,,,,,,,,,,,,,,,,,,,,,,,
Brown Bread,33.0 grams,81.18,Breads,,,,,,,,,,,,,,,,,,,,,,,,,
Sprouted Grain Bread,33.0 grams,80.19,Breads,,,,,,,,,,,,,,,,,,,,,,,,,
Multigrain Bread,33.0 grams,81.51,Breads,,,,,,,,,,,,,,,,,,,,,,,,,
Paav Bread,55.0 grams,163.35,Breads,,,,,,,,,,,,,,,,,,,,,,,,,
Bun Bread,55.0 grams,154.55,Breads,,,,,,,,,,,,,,,,,,,,,,,,,
Brown Rices,85.0 grams,95.2,Breakfast grains,,,,,,,,,,,,,,,,,,,,,,,,,
Basmati Rices,100.0 grams,370.0,Breakfast grains,,,,,,,,,,,,,,,,,,,,,,,,,
Baby Corn,50.0 grams,13.0,Breakfast grains,,,,,,,,,,,,,,,,,,,,,,,,,
Wild Rices,100.0 grams,101.0,Breakfast grains,,,,,,,,,,,,,,,,,,,,,,,,,
Sweet Corns,145.0 grams,123.25,Breakfast grains,,,,,,,,,,,,,,,,,,,,,,,,,
Rolled Oatss,100.0 grams,389.0,Breakfast grains,,,,,,,,,,,,,,,,,,,,,,,,,
Quick Oatss,100.0 grams,379.0,Breakfast grains,,,,,,,,,,,,,,,,,,,,,,,,,
Instant Oatss,100.0 grams,389.0,Breakfast grains,,,,,,,,,,,,,,,,,,,,,,,,,
Steel-cut Oatss,100.0 grams,378.0,Breakfast grains,,,,,,,,,,,,,,,,,,,,,,,,,
Oat Groatss,100.0 grams,379.0,Breakfast grains,,,,,,,,,,,,,,,,,,,,,,,,,
Whole Barleys,100.0 grams,354.0,Breakfast grains,,,,,,,,,,,,,,,,,,,,,,,,,
Barley Flakess,165.0 grams,580.8,Breakfast grains,,,,,,,,,,,,,,,,,,,,,,,,,
Barley Gritss,100.0 grams,352.0,Breakfast grains,,,,,,,,,,,,,,,,,,,,,,,,,
Whole Ryes,50.0 grams,168.0,Breakfast grains,,,,,,,,,,,,,,,,,,,,,,,,,
Whole Grain Wheat,100.0 grams,340.0,Breakfast grains,,,,,,,,,,,,,,,,,,,,,,,,,
Sprouts,50.0 grams,15.0,Breakfast grains,,,,,,,,,,,,,,,,,,,,,,,,,
Whole Grain Quinoa,100.0 grams,368.0,Breakfast grains,,,,,,,,,,,,,,,,,,,,,,,,,
Foxtail Millets,150.0 grams,178.5,Breakfast grains,,,,,,,,,,,,,,,,,,,,,,,,,
Barnyard Millets,174.0 grams,168.78,Breakfast grains,,,,,,,,,,,,,,,,,,,,,,,,,
Little Millets,100.0 grams,119.0,Breakfast grains,,,,,,,,,,,,,,,,,,,,,,,,,
Kodo Millets,100.0 grams,104.0,Breakfast grains,,,,,,,,,,,,,,,,,,,,,,,,,
Pearl Millets,170.0 grams,202.3,Breakfast grains,,,,,,,,,,,,,,,,,,,,,,,,,
White Sorghums,110.0 grams,132.0,Breakfast grains,,,,,,,,,,,,,,,,,,,,,,,,,
Sorghum Flakes,30.0 grams,107.1,Breakfast grains,,,,,,,,,,,,,,,,,,,,,,,,,
Whole grain Sorghum,100.0 grams,329.0,Breakfast grains,,,,,,,,,,,,,,,,,,,,,,,,,
Roti,50.0 grams,148.5,Indian bread,,,,,,,,,,,,,,,,,,,,,,,,,
Paratha,75.0 grams,222.75,Indian bread,,,,,,,,,,,,,,,,,,,,,,,,,
Fruit Juice,250.0 grams,135.0,Juice,,,,,,,,,,,,,,,,,,,,,,,,,
Aloe Vera Juice,350.0 grams,52.5,Juice,,,,,,,,,,,,,,,,,,,,,,,,,
Cold-pressed Juice,250.0 grams,115.0,Juice,,,,,,,,,,,,,,,,,,,,,,,,,
Watermelon Juice,350.0 grams,105.0,Juice,,,,,,,,,,,,,,,,,,,,,,,,,
Pineapple Juice,350.0 grams,175.0,Juice,,,,,,,,,,,,,,,,,,,,,,,,,
Orange Juice,350.0 grams,164.5,Juice,,,,,,,,,,,,,,,,,,,,,,,,,
Cranberry Juice,350.0 grams,161.0,Juice,,,,,,,,,,,,,,,,,,,,,,,,,
Grapefruit Juice,350.0 grams,136.5,Juice,,,,,,,,,,,,,,,,,,,,,,,,,
Pomegranate Juice,350.0 grams,290.5,Juice,,,,,,,,,,,,,,,,,,,,,,,,,
Strawberry Juice,350.0 grams,164.5,Juice,,,,,,,,,,,,,,,,,,,,,,,,,
Honeydrew Juice,350.0 grams,224.0,Juice,,,,,,,,,,,,,,,,,,,,,,,,,
Cantaloupe Juice,350.0 grams,119.0,Juice,,,,,,,,,,,,,,,,,,,,,,,,,
Papaya Juice,350.0 grams,189.0,Juice,,,,,,,,,,,,,,,,,,,,,,,,,
Carrot Juice,350.0 grams,143.5,Juice,,,,,,,,,,,,,,,,,,,,,,,,,
Apple Juice,240.0 grams,110.4,Juice,,,,,,,,,,,,,,,,,,,,,,,,,
Mango Juice,240.0 grams,144.0,Juice,,,,,,,,,,,,,,,,,,,,,,,,,
Beetroot Juice,240.0 grams,103.2,Juice,,,,,,,,,,,,,,,,,,,,,,,,,
Black Coffee,240.0 grams,2.4,Tea & Coffee,,,,,,,,,,,,,,,,,,,,,,,,,
Coffee with cream and sugar,240.0 grams,278.4,Tea & Coffee,,,,,,,,,,,,,,,,,,,,,,,,,
Black Tea,240.0 grams,4.8,Tea & Coffee,,,,,,,,,,,,,,,,,,,,,,,,,
Tea with milk and sugar,240.0 grams,177.6,Tea & Coffee,,,,,,,,,,,,,,,,,,,,,,,,,
Hot Chocolate,200.0 grams,384.0,Tea & Coffee,,,,,,,,,,,,,,,,,,,,,,,,,
Chai,240.0 grams,312.0,Tea & Coffee,,,,,,,,,,,,,,,,,,,,,,,,,
Espresso,30.0 grams,2.7,Tea & Coffee,,,,,,,,,,,,,,,,,,,,,,,,,
Cappuccino,180.0 grams,97.2,Tea & Coffee,,,,,,,,,,,,,,,,,,,,,,,,,
Americano,240.0 grams,2.4,Tea & Coffee,,,,,,,,,,,,,,,,,,,,,,,,,
Macchiato,80.0 grams,41.6,Tea & Coffee,,,,,,,,,,,,,,,,,,,,,,,,,
Irish coffee,240.0 grams,506.4,Tea & Coffee,,,,,,,,,,,,,,,,,,,,,,,,,
Masala chai,240.0 grams,141.6,Tea & Coffee,,,,,,,,,,,,,,,,,,,,,,,,,
Earl Grey tea,200.0 grams,2.0,Tea & Coffee,,,,,,,,,,,,,,,,,,,,,,,,,
Jasmine tea,200.0 grams,2.0,Tea & Coffee,,,,,,,,,,,,,,,,,,,,,,,,,
Rooibos tea,200.0 grams,0.0,Tea & Coffee,,,,,,,,,,,,,,,,,,,,,,,,,
Peppermint tea,200.0 grams,0.0,Tea & Coffee,,,,,,,,,,,,,,,,,,,,,,,,,
Lemon ginger tea,200.0 grams,2.0,Tea & Coffee,,,,,,,,,,,,,,,,,,,,,,,,,
Lavender latte,350.0 grams,381.5,Tea & Coffee,,,,,,,,,,,,,,,,,,,,,,,,,
Cardamom coffee,240.0 grams,4.8,Tea & Coffee,,,,,,,,,,,,,,,,,,,,,,,,,
Golden milk,350.0 grams,560.0,Tea & Coffee,,,,,,,,,,,,,,,,,,,,,,,,,
Dalgona coffee,200.0 grams,900.0,Tea & Coffee,,,,,,,,,,,,,,,,,,,,,,,,,
Red espresso,30.0 grams,0.3,Tea & Coffee,,,,,,,,,,,,,,,,,,,,,,,,,
Chamomile tea,200.0 grams,2.0,Tea & Coffee,,,,,,,,,,,,,,,,,,,,,,,,,
Cold Brew Coffee,350.0 grams,3.5,Tea & Coffee,,,,,,,,,,,,,,,,,,,,,,,,,
Milk Tea,400.0 grams,196.0,Tea & Coffee,,,,,,,,,,,,,,,,,,,,,,,,,
Boba Tea,500.0 grams,245.0,Tea & Coffee,,,,,,,,,,,,,,,,,,,,,,,,,
Bubble Tea,500.0 grams,245.0,Tea & Coffee,,,,,,,,,,,,,,,,,,,,,,,,,
Hibiscus tea,400.0 grams,148.0,Tea & Coffee,,,,,,,,,,,,,,,,,,,,,,,,,
Normal Milk,100.0 grams,61.0,Tea & Coffee,,,,,,,,,,,,,,,,,,,,,,,,,
Condensed Milk,110.0 grams,353.1,Tea & Coffee,,,,,,,,,,,,,,,,,,,,,,,,,
Skim Milk,100.0 grams,34.0,Tea & Coffee,,,,,,,,,,,,,,,,,,,,,,,,,
Low Fat Milk,100.0 grams,46.0,Tea & Coffee,,,,,,,,,,,,,,,,,,,,,,,,,
Whole Milk,103.0 grams,62.83,Tea & Coffee,,,,,,,,,,,,,,,,,,,,,,,,,
Soya Milk,102.0 grams,55.08,Tea & Coffee,,,,,,,,,,,,,,,,,,,,,,,,,
Cow's Milk,102.0 grams,62.22,Tea & Coffee,,,,,,,,,,,,,,,,,,,,,,,,,
Goat's Milk,103.0 grams,71.07,Tea & Coffee,,,,,,,,,,,,,,,,,,,,,,,,,
Sheep's Milk,100.0 grams,108.0,Tea & Coffee,,,,,,,,,,,,,,,,,,,,,,,,,
Buffalo Milk,100.0 grams,97.0,Tea & Coffee,,,,,,,,,,,,,,,,,,,,,,,,,
Acorn,100.0 grams,387.0,Healthy Fats,,,,,,,,,,,,,,,,,,,,,,,,,
Brazil nut,28.0 grams,183.67,Healthy Fats,,,,,,,,,,,,,,,,,,,,,,,,,
butternut,120.0 grams,54.0,Healthy Fats,,,,,,,,,,,,,,,,,,,,,,,,,
Candlenuts,28.0 grams,200.76,Healthy Fats,,,,,,,,,,,,,,,,,,,,,,,,,
Caraway Seed,2.1 grams,6.993,Healthy Fats,,,,,,,,,,,,,,,,,,,,,,,,,
Cashew,28.0 grams,154.85,Healthy Fats,,,,,,,,,,,,,,,,,,,,,,,,,
Cedar Nut,28.0 grams,156.8,Healthy Fats,,,,,,,,,,,,,,,,,,,,,,,,,
Chestnut,84.0 grams,178.92,Healthy Fats,,,,,,,,,,,,,,,,,,,,,,,,,
Chia Seed,28.0 grams,136.08,Healthy Fats,,,,,,,,,,,,,,,,,,,,,,,,,
Flax Seed,10.0 grams,53.4,Healthy Fats,,,,,,,,,,,,,,,,,,,,,,,,,
Ginkgo nut,28.0 grams,50.96,Healthy Fats,,,,,,,,,,,,,,,,,,,,,,,,,
Hazelnut,28.0 grams,175.84,Healthy Fats,,,,,,,,,,,,,,,,,,,,,,,,,
Heartnuts,28.0 grams,198.51,Healthy Fats,,,,,,,,,,,,,,,,,,,,,,,,,
Hemp Seed,30.0 grams,165.9,Healthy Fats,,,,,,,,,,,,,,,,,,,,,,,,,
Hickory Nut,28.0 grams,54.04,Healthy Fats,,,,,,,,,,,,,,,,,,,,,,,,,
Jackfruit Seed,100.0 grams,135.0,Healthy Fats,,,,,,,,,,,,,,,,,,,,,,,,,
Kola Nut,28.0 grams,93.8,Healthy Fats,,,,,,,,,,,,,,,,,,,,,,,,,
Macadamia Nut,28.35 grams,203.55,Healthy Fats,,,,,,,,,,,,,,,,,,,,,,,,,
Nigella Seed,5.0 grams,17.25,Healthy Fats,,,,,,,,,,,,,,,,,,,,,,,,,
Oak Nut,28.35 grams,160.74,Healthy Fats,,,,,,,,,,,,,,,,,,,,,,,,,
Peanut,28.35 grams,160.74,Healthy Fats,,,,,,,,,,,,,,,,,,,,,,,,,
Pecan,28.35 grams,195.89,Healthy Fats,,,,,,,,,,,,,,,,,,,,,,,,,
Pine Nut,28.0 grams,188.44,Healthy Fats,,,,,,,,,,,,,,,,,,,,,,,,,
Pistachio,28.0 grams,157.63,Healthy Fats,,,,,,,,,,,,,,,,,,,,,,,,,
Pomegranate Aril,87.0 grams,72.21,Healthy Fats,,,,,,,,,,,,,,,,,,,,,,,,,
Poppy Seed,28.0 grams,147.0,Healthy Fats,,,,,,,,,,,,,,,,,,,,,,,,,
Pumpkin Seed,28.0 grams,35.28,Healthy Fats,,,,,,,,,,,,,,,,,,,,,,,,,
Quinoa Seed,185.0 grams,680.8,Healthy Fats,,,,,,,,,,,,,,,,,,,,,,,,,
Sesame Seed,9.0 grams,51.57,Healthy Fats,,,,,,,,,,,,,,,,,,,,,,,,,
Soynut,28.0 grams,126.0,Healthy Fats,,,,,,,,,,,,,,,,,,,,,,,,,
Squash Seed,28.0 grams,168.0,Healthy Fats,,,,,,,,,,,,,,,,,,,,,,,,,
Sunflower Seed,28.0 grams,163.51,Healthy Fats,,,,,,,,,,,,,,,,,,,,,,,,,
Smoothie,350.0 grams,273.0,Healthy Fats,,,,,,,,,,,,,,,,,,,,,,,,,
Avocados,30.0 grams,40.0,Healthy Fats,,,,,,,,,,,,,,,,,,,,,,,,,
Green Smoothie,400.0 grams,200.0,Healthy Fats,,,,,,,,,,,,,,,,,,,,,,,,,
Blueberry Smoothies,400.0 grams,200.0,Healthy Fats,,,,,,,,,,,,,,,,,,,,,,,,,
ghee,14.0 grams,126.0,Healthy Fats,,,,,,,,,,,,,,,,,,,,,,,,,
plain yogurt,120.0 grams,73.2,Healthy Fats,,,,,,,,,,,,,,,,,,,,,,,,,
greek gogurt,110.0 grams,106.7,Healthy Fats,,,,,,,,,,,,,,,,,,,,,,,,,
sour cream,32.0 grams,63.36,Healthy Fats,,,,,,,,,,,,,,,,,,,,,,,,,
butter milk,100.0 grams,40.0,Healthy Fats,,,,,,,,,,,,,,,,,,,,,,,,,
Almond,28.0 grams,161.28,Healthy Fats,,,,,,,,,,,,,,,,,,,,,,,,,
cheese,36.0 grams,145.08,Protien,,,,,,,,,,,,,,,,,,,,,,,,,
cottage cheese,98.0 grams,96.03,Protien,,,,,,,,,,,,,,,,,,,,,,,,,
skim milk,100.0 grams,34.0,Protien,,,,,,,,,,,,,,,,,,,,,,,,,
low Fat milk,100.0 grams,46.0,Protien,,,,,,,,,,,,,,,,,,,,,,,,,
whole milk,103.0 grams,62.83,Protien,,,,,,,,,,,,,,,,,,,,,,,,,
soya milk,102.0 grams,55.08,Protien,,,,,,,,,,,,,,,,,,,,,,,,,
cow's milk,102.0 grams,62.22,Protien,,,,,,,,,,,,,,,,,,,,,,,,,
goat's milk,103.0 grams,71.07,Protien,,,,,,,,,,,,,,,,,,,,,,,,,
sheep's milk,100.0 grams,108.0,Protien,,,,,,,,,,,,,,,,,,,,,,,,,
buffalo milk,100.0 grams,97.0,Protien,,,,,,,,,,,,,,,,,,,,,,,,,
hot choclate,200.0 grams,384.0,Protien,,,,,,,,,,,,,,,,,,,,,,,,,
white hot chocolate,350.0 grams,1781.5,Protien,,,,,,,,,,,,,,,,,,,,,,,,,
coconut hot chocolate,350.0 grams,1298.5,Protien,,,,,,,,,,,,,,,,,,,,,,,,,
peanut butter hot chocolate,350.0 grams,1715.0,Protien,,,,,,,,,,,,,,,,,,,,,,,,,
mint hot chocolate,350.0 grams,1480.5,Protien,,,,,,,,,,,,,,,,,,,,,,,,,
milkshakes,350.0 grams,420.0,Protien,,,,,,,,,,,,,,,,,,,,,,,,,
frappuccino,450.0 grams,571.5,Protien,,,,,,,,,,,,,,,,,,,,,,,,,
protein shake,500.0 grams,2035.0,Protien,,,,,,,,,,,,,,,,,,,,,,,,,
mango Lassi,350.0 grams,420.0,Protien,,,,,,,,,,,,,,,,,,,,,,,,,
vanilla Milkshake,450.0 grams,931.5,Protien,,,,,,,,,,,,,,,,,,,,,,,,,
chocolate Milkshake,450.0 grams,913.5,Protien,,,,,,,,,,,,,,,,,,,,,,,,,
cashew Milkshake,450.0 grams,891.0,Protien,,,,,,,,,,,,,,,,,,,,,,,,,
Eggs,50.0 grams,71.5,Non-veg Protien,,,,,,,,,,,,,,,,,,,,,,,,,
baru Nuts,100.0 grams,475.0,Protien,,,,,,,,,,,,,,,,,,,,,,,,,
beech Nuts,100.0 grams,567.0,Protien,,,,,,,,,,,,,,,,,,,,,,,,,
black Walnut,100.0 grams,691.0,Protien,,,,,,,,,,,,,,,,,,,,,,,,,
hemp seeds,30.0 grams,165.9,Protien,,,,,,,,,,,,,,,,,,,,,,,,,
quinoa seeds,185.0 grams,680.8,Protien,,,,,,,,,,,,,,,,,,,,,,,,,
soynuts,28.0 grams,126.0,Protien,,,,,,,,,,,,,,,,,,,,,,,,,
squash seeds,28.0 grams,168.0,Protien,,,,,,,,,,,,,,,,,,,,,,,,,
watermelon seeds,100.0 grams,557.0,Protien,,,,,,,,,,,,,,,,,,,,,,,,,
veg grilled sandwich,175.0 grams,402.5,Protien,,,,,,,,,,,,,,,,,,,,,,,,,
cheese sandwich,125.0 grams,412.5,Protien,,,,,,,,,,,,,,,,,,,,,,,,,
paneer sandwich,175.0 grams,595.0,Protien,,,,,,,,,,,,,,,,,,,,,,,,,
egg sandwich,175.0 grams,367.5,Non-veg Protien,,,,,,,,,,,,,,,,,,,,,,,,,
peanut butter and jelly sandwich,125.0 grams,438.75,Protien,,,,,,,,,,,,,,,,,,,,,,,,,
chicken sandwich,175.0 grams,418.25,Non-veg Protien,,,,,,,,,,,,,,,,,,,,,,,,,
club sandwich,225.0 grams,801.0,Non-veg Protien,,,,,,,,,,,,,,,,,,,,,,,,,
vegie delight sandwich,175.0 grams,402.5,Protien,,,,,,,,,,,,,,,,,,,,,,,,,
corn and cheese sandwich,175.0 grams,472.5,Protien,,,,,,,,,,,,,,,,,,,,,,,,,
mixed teff,130.0 grams,477.1,Protien,,,,,,,,,,,,,,,,,,,,,,,,,
fava beans,100.0 grams,341.0,Protien,,,,,,,,,,,,,,,,,,,,,,,,,
edamame beans,100.0 grams,121.0,Protien,,,,,,,,,,,,,,,,,,,,,,,,,
kidney beans,100.0 grams,127.0,Protien,,,,,,,,,,,,,,,,,,,,,,,,,
velvet beans,100.0 grams,347.0,Protien,,,,,,,,,,,,,,,,,,,,,,,,,
pink beans,100.0 grams,341.0,Protien,,,,,,,,,,,,,,,,,,,,,,,,,
pinto beans,100.0 grams,347.0,Protien,,,,,,,,,,,,,,,,,,,,,,,,,
navy beans ,333.0 grams,200.13,Protien,,,,,,,,,,,,,,,,,,,,,,,,,
Kale,"1 cup, chopped",49.0,,"High in Vitamins A, C, K",Ancient Greece,4.3,3.6,93.4,1770.0,,,,,,,,,,,,,,,,,,,
Blueberries,1 cup,84.0,,High in Antioxidants,North America,1.1,3.6,14.4,9621.0,,,,,,,,,,,,,,,,,,,
Salmon,3 oz,208.0,,Rich in Omega-3 Fatty Acids,North Pacific Ocean,22.1,0.0,0.0,689.0,,,,,,,,,,,,,,,,,,,
Garlic,1 clove,4.0,,Contains Allicin,Central Asia,0.2,0.1,0.9,5708.0,,,,,,,,,,,,,,,,,,,
Spinach,"1 cup, raw",23.0,,High in Iron and Folate,Ancient Persia,2.9,2.2,28.1,1515.0,,,,,,,,,,,,,,,,,,,
Almonds,1 oz (23 nuts),164.0,,Good Source of Vitamin E,Middle East,6.0,3.5,0.0,4454.0,,,,,,,,,,,,,,,,,,,
Broccoli,"1 cup, chopped",31.0,,High in Vitamin C and K,Italy,2.5,2.4,81.2,1510.0,,,,,,,,,,,,,,,,,,,
Avocado,1 medium,320.0,,Rich in Healthy Fats,Central America,4.0,13.5,10.0,1922.0,,,,,,,,,,,,,,,,,,,
Quinoa,"1 cup, cooked",222.0,,Complete Protein Source,South America,8.1,5.2,0.0,1808.0,,,,,,,,,,,,,,,,,,,
Lentils,"1 cup, cooked",230.0,,High in Protein and Fiber,Middle East,17.9,15.6,2.1,7282.0,,,,,,,,,,,,,,,,,,,
Sweet Potato,1 medium,103.0,,Rich in Beta-Carotene,Central/South America,2.3,3.8,22.3,14187.0,,,,,,,,,,,,,,,,,,,
Green Tea,"1 cup, brewed",2.0,,High in Catechins,China,0.5,0.0,0.0,1253.0,,,,,,,,,,,,,,,,,,,
Turmeric,"1 tsp, ground",9.0,,Contains Curcumin,India,0.3,0.7,0.5,127068.0,,,,,,,,,,,,,,,,,,,
Eggs,1 large,72.0,,Complete Protein Source,Worldwide,6.3,0.0,0.0,705.0,,,,,,,,,,,,,,,,,,,
Chia Seeds,1 oz,138.0,,High in Omega-3 and Fiber,Central America,4.7,10.6,0.1,8983.0,,,,,,,,,,,,,,,,,,,
Greek Yogurt,6 oz,100.0,,High in Protein and Probiotics,Greece,17.3,0.0,0.0,1050.0,,,,,,,,,,,,,,,,,,,
Pomegranate,1 medium,234.0,,Rich in Antioxidants,Middle East,4.7,11.3,28.8,10500.0,,,,,,,,,,,,,,,,,,,
Walnuts,1 oz (14 halves),185.0,,Good Source of Omega-3,Ancient Persia,4.3,1.9,0.4,13541.0,,,,,,,,,,,,,,,,,,,
Ginger,"1 tbsp, grated",4.0,,Anti-inflammatory Properties,Southeast Asia,0.1,0.2,0.7,14840.0,,,,,,,,,,,,,,,,,,,
Olive Oil,1 tbsp,119.0,,Rich in Monounsaturated Fats,Mediterranean Region,0.0,0.0,0.0,1150.0,,,,,,,,,,,,,,,,,,,
Beets,"1 cup, raw",58.0,,High in Nitrates,Mediterranean Region,2.2,3.8,6.7,1776.0,,,,,,,,,,,,,,,,,,,
Sardines,"3.75 oz, canned",191.0,,Rich in Omega-3 and Vitamin D,Mediterranean Sea,22.7,0.0,0.0,1328.0,,,,,,,,,,,,,,,,,,,
Mushrooms,"1 cup, raw",15.0,,Good Source of Selenium,Worldwide,2.2,1.0,2.8,692.0,,,,,,,,,,,,,,,,,,,
Tomatoes,1 medium,22.0,,High in Lycopene,South America,1.1,1.5,15.6,1595.0,,,,,,,,,,,,,,,,,,,
Oats,"1 cup, cooked",166.0,,Rich in Beta-Glucan,Europe,5.9,4.0,0.0,1606.0,,,,,,,,,,,,,,,,,,,
Flaxseeds,"1 tbsp, ground",37.0,,High in Lignans,Middle East,1.3,1.9,0.1,8983.0,,,,,,,,,,,,,,,,,,,
Brussels Sprouts,"1 cup, cooked",56.0,,High in Vitamin K,Ancient Rome,4.0,4.1,96.7,980.0,,,,,,,,,,,,,,,,,,,
Pumpkin Seeds,1 oz,151.0,,Rich in Magnesium,North America,7.0,1.7,0.5,2500.0,,,,,,,,,,,,,,,,,,,
Black Beans,"1 cup, cooked",227.0,,High in Fiber and Protein,South America,15.2,15.0,0.0,8494.0,,,,,,,,,,,,,,,,,,,
Green Peas,"1 cup, cooked",134.0,,Good Source of Vitamin K,Mediterranean Region,8.6,8.8,13.7,1754.0,,,,,,,,,,,,,,,,,,,
Asparagus,"1 cup, cooked",27.0,,High in Folate,Eastern Mediterranean,2.9,2.8,12.3,2021.0,,,,,,,,,,,,,,,,,,,
Blackberries,1 cup,62.0,,Rich in Antioxidants,Worldwide,2.0,7.6,30.2,5905.0,,,,,,,,,,,,,,,,,,,
Wild Rice,"1 cup, cooked",166.0,,High in Protein and Fiber,North America,6.5,3.0,0.0,1506.0,,,,,,,,,,,,,,,,,,,
Seaweed,"1 sheet, nori",1.0,,Rich in Iodine,Japan,0.1,0.3,0.7,3300.0,,,,,,,,,,,,,,,,,,,
Cauliflower,"1 cup, raw",25.0,,"Low in Calories, High in Nutrients",Cyprus,2.0,2.5,48.2,1058.0,,,,,,,,,,,,,,,,,,,
Coconut Oil,1 tbsp,121.0,,Contains Medium-Chain Triglycerides,Southeast Asia,0.0,0.0,0.0,0.0,,,,,,,,,,,,,,,,,,,
Red Bell Peppers,"1 cup, chopped",46.0,,High in Vitamin C,Central/South America,1.5,3.1,190.0,1558.0,,,,,,,,,,,,,,,,,,,
Watercress,"1 cup, chopped",4.0,,High in Vitamin K,Europe,0.8,0.2,14.6,1785.0,,,,,,,,,,,,,,,,,,,
Artichokes,1 medium,60.0,,High in Fiber,Mediterranean Region,4.2,6.9,8.9,9416.0,,,,,,,,,,,,,,,,,,,
Cherries,"1 cup, with pits",97.0,,Contains Melatonin,Asia Minor,1.6,3.2,10.8,3747.0,,,,,,,,,,,,,,,,,,,
Mango,"1 cup, sliced",99.0,,High in Vitamin A,South Asia,1.4,2.6,60.1,1300.0,,,,,,,,,,,,,,,,,,,
Pistachios,1 oz (49 kernels),159.0,,Good Source of Vitamin B6,Central Asia,5.7,3.0,0.7,7675.0,,,,,,,,,,,,,,,,,,,
Kiwi,1 medium,42.0,,High in Vitamin C,China,0.8,2.1,64.0,1210.0,,,,,,,,,,,,,,,,,,,
Oranges,1 medium,62.0,,Rich in Vitamin C,Southeast Asia,1.2,3.1,69.7,1819.0,,,,,,,,,,,,,,,,,,,
Chickpeas,"1 cup, cooked",269.0,,High in Protein and Fiber,Middle East,14.5,12.5,2.1,1283.0,,,,,,,,,,,,,,,,,,,
Papaya,"1 cup, cubed",62.0,,Contains Papain Enzyme,Central America,0.9,2.5,168.0,1532.0,,,,,,,,,,,,,,,,,,,
Cabbage,"1 cup, chopped",22.0,,"Low in Calories, High in Vitamin K",Europe,1.1,2.2,36.6,508.0,,,,,,,,,,,,,,,,,,,
Brazil Nuts,1 oz (6-8 nuts),186.0,,High in Selenium,South America,4.1,2.1,0.2,1419.0,,,,,,,,,,,,,,,,,,,
Cantaloupe,"1 cup, cubed",54.0,,High in Vitamin A,Middle East/Africa,1.3,1.4,59.4,270.0,,,,,,,,,,,,,,,,,,,
Edamame,"1 cup, shelled",188.0,,Good Source of Plant-Based Protein,East Asia,18.4,8.0,6.1,1510.0,,,,,,,,,,,,,,,,,,,
Apples,1 medium,95.0,,Rich in Quercetin,Central Asia,0.5,4.4,8.4,3049.0,,,,,,,,,,,,,,,,,,,
Brown Rice,"1 cup, cooked",216.0,,Good Source of Manganese,Asia,5.0,3.5,0.0,1523.0,,,,,,,,,,,,,,,,,,,
Figs,1 medium,37.0,,High in Calcium,Western Asia,0.4,1.4,1.2,521.0,,,,,,,,,,,,,,,,,,,
Turnips,"1 cup, cubed",36.0,,"Low in Calories, High in Vitamin C",Europe/West Asia,1.1,2.3,27.3,575.0,,,,,,,,,,,,,,,,,,,
Hemp Seeds,3 tbsp,166.0,,Good Balance of Omega-3 and Omega-6,Central Asia,9.5,1.2,0.1,6000.0,,,,,,,,,,,,,,,,,,,
Butternut Squash,"1 cup, cubed",63.0,,High in Vitamin A,North America,1.4,2.8,31.0,1144.0,,,,,,,,,,,,,,,,,,,
Red Grapes,1 cup,104.0,,Contains Resveratrol,Mediterranean Region,1.1,1.4,3.2,1789.0,,,,,,,,,,,,,,,,,,,
Pineapple,"1 cup, chunks",82.0,,Contains Bromelain,South America,0.9,2.3,78.9,385.0,,,,,,,,,,,,,,,,,,,
Collard Greens,"1 cup, chopped",11.0,,High in Vitamin K,Ancient Greece,1.1,1.4,12.7,1067.0,,,,,,,,,,,,,,,,,,,
Sunflower Seeds,1 oz,164.0,,High in Vitamin E,North America,5.8,2.4,0.7,6372.0,,,,,,,,,,,,,,,,,,,
Raspberries,1 cup,64.0,,High in Ellagic Acid,Northern Europe/Asia,1.5,8.0,32.2,4882.0,,,,,,,,,,,,,,,,,,,
Clams,3 oz,126.0,,High in Vitamin B12,Worldwide,22.0,0.0,22.1,7980.0,,,,,,,,,,,,,,,,,,,
Grapefruit,1/2 medium,52.0,,"Low in Calories, High in Vitamin C",Caribbean,0.9,2.0,88.1,1548.0,,,,,,,,,,,,,,,,,,,
Kidney Beans,"1 cup, cooked",225.0,,High in Molybdenum,Central America,15.3,11.3,4.1,8606.0,,,,,,,,,,,,,,,,,,,
Lemons,1 medium,17.0,,High in Vitamin C,Southeast Asia,0.6,1.6,30.7,1225.0,,,,,,,,,,,,,,,,,,,
Arugula,2 cups,10.0,,Good Source of Nitrates,Mediterranean Region,1.2,0.8,5.4,1904.0,,,,,,,,,,,,,,,,,,,
Onions,"1 cup, chopped",64.0,,Contains Quercetin,Central Asia,1.8,2.9,11.8,913.0,,,,,,,,,,,,,,,,,,,
Zucchini,"1 cup, sliced",19.0,,"Low in Calories, High in Vitamin C",Central America,1.4,1.1,22.2,180.0,,,,,,,,,,,,,,,,,,,
Mackerel,"3 oz, cooked",231.0,,Rich in Omega-3 Fatty Acids,Worldwide,20.8,0.0,0.0,393.0,,,,,,,,,,,,,,,,,,,
Acai Berries,"100g, pulp",70.0,,High in Anthocyanins,South America,1.0,2.0,0.0,15405.0,,,,,,,,,,,,,,,,,,,
Cucumber,"1 cup, sliced",16.0,,"Low in Calories, High in Water Content",India,0.7,0.5,2.9,140.0,,,,,,,,,,,,,,,,,,,
Peanuts,1 oz,161.0,,Good Source of Biotin,South America,7.3,2.4,0.0,1393.0,,,,,,,,,,,,,,,,,,,
Eggplant,"1 cup, cubed",20.0,,"Low in Calories, High in Fiber",India,0.8,2.5,1.8,980.0,,,,,,,,,,,,,,,,,,,
Parsley,"1/4 cup, chopped",4.0,,High in Vitamin K,Mediterranean Region,0.3,0.4,13.3,1301.0,,,,,,,,,,,,,,,,,,,
Cayenne Pepper,"1 tsp, ground",6.0,,Contains Capsaicin,South America,0.3,0.6,1.6,50314.0,,,,,,,,,,,,,,,,,,,
Watermelon,"1 cup, diced",46.0,,High in Lycopene,Africa,0.9,0.6,12.3,182.0,,,,,,,,,,,,,,,,,,,
Radishes,"1 cup, sliced",19.0,,"Low in Calories, High in Vitamin C",Southeast Asia,0.8,1.9,17.2,387.0,,,,,,,,,,,,,,,,,,,
Bok Choy,"1 cup, shredded",9.0,,High in Vitamin A and C,China,1.1,1.0,45.2,1511.0,,,,,,,,,,,,,,,,,,,
Tuna,"3 oz, canned in water",99.0,,High in Protein and Omega-3,Worldwide,22.0,0.0,0.0,415.0,,,,,,,,,,,,,,,,,,,
Crimini Mushrooms,"1 cup, sliced",19.0,,Good Source of Selenium,Europe/North America,2.9,0.7,2.1,885.0,,,,,,,,,,,,,,,,,,,
Cranberries,"1 cup, whole",46.0,,High in Proanthocyanidins,North America,0.4,3.6,13.3,9584.0,,,,,,,,,,,,,,,,,,,
Tahini,1 tbsp,89.0,,Good Source of Calcium,Middle East,2.6,1.4,0.0,276.0,,,,,,,,,,,,,,,,,,,
Cinnamon,"1 tsp, ground",6.0,,May Help Lower Blood Sugar,Sri Lanka,0.1,1.4,0.1,131420.0,,,,,,,,,,,,,,,,,,,
Miso,1 tbsp,34.0,,Rich in Probiotics,Japan,2.2,0.8,0.1,1125.0,,,,,,,,,,,,,,,,,,,
Mustard Greens,"1 cup, chopped",15.0,,High in Vitamin K,India,1.6,1.8,39.3,3024.0,,,,,,,,,,,,,,,,,,,
Celery,"1 cup, chopped",16.0,,"Low in Calories, High in Vitamin K",Mediterranean Region,0.7,1.6,3.1,670.0,,,,,,,,,,,,,,,,,,,
Endive,"1 cup, chopped",8.0,,"Low in Calories, High in Vitamin K",Mediterranean Region,0.5,1.6,2.1,1052.0,,,,,,,,,,,,,,,,,,,
Kohlrabi,"1 cup, sliced",36.0,,Good Source of Vitamin C,Northern Europe,2.3,4.9,83.7,944.0,,,,,,,,,,,,,,,,,,,
Natto,1/4 cup,100.0,,High in Vitamin K2,Japan,8.4,2.8,13.0,6680.0,,,,,,,,,,,,,,,,,,,
Sauerkraut,1/2 cup,13.0,,Rich in Probiotics,China,0.7,2.9,14.7,705.0,,,,,,,,,,,,,,,,,,,
Tempeh,3 oz,162.0,,High in Protein and Probiotics,Indonesia,17.0,3.5,0.0,1800.0,,,,,,,,,,,,,,,,,,,
Swiss Chard,"1 cup, chopped",7.0,,High in Vitamins A and K,Mediterranean Region,0.6,0.6,10.8,1770.0,,,,,,,,,,,,,,,,,,,
Nutritional Yeast,1 tbsp,20.0,,Good Source of B Vitamins,Worldwide,3.0,1.0,0.0,790.0,,,,,,,,,,,,,,,,,,,
Pomelo,"1 cup, sections",72.0,,High in Vitamin C,Southeast Asia,1.4,2.4,115.3,1548.0,,,,,,,,,,,,,,,,,,,
Radicchio,"1 cup, shredded",9.0,,"Low in Calories, High in Vitamin K",Italy,0.6,0.4,2.6,1016.0,,,,,,,,,,,,,,,,,,,
Jicama,"1 cup, sliced",46.0,,Good Source of Vitamin C,Mexico,0.9,6.4,20.2,406.0,,,,,,,,,,,,,,,,,,,
Wakame Seaweed,"1 cup, raw",5.0,,High in Fucoxanthin,Japan,0.3,0.4,3.0,2115.0,,,,,,,,,,,,,,,,,,,
Dragon Fruit,"1 cup, cubed",136.0,,Good Source of Antioxidants,Central/South America,2.9,7.0,9.0,2551.0,,,,,,,,,,,,,,,,,,,
Asparagus,5 spears (93 g/3.3 oz),20.0,"Vegetables, Serving Size (gram weight/Êounce weight)",,,2.0,2.0,,,0.0,0.0,0.0,0.0,0.0,230.0,7.0,4.0,1.0,8.0,2.0,10.0,15.0,2.0,2.0,,,,
Bell Pepper,1 medium (148 g/5.3 oz),25.0,"Vegetables, Serving Size (gram weight/Êounce weight)",,,1.0,2.0,,,0.0,0.0,0.0,40.0,2.0,220.0,6.0,6.0,2.0,8.0,4.0,4.0,190.0,2.0,4.0,,,,
Broccoli,1 medium stalk (148 g/5.3 oz),45.0,"Vegetables, Serving Size (gram weight/Êounce weight)",,,4.0,3.0,,,0.0,0.5,1.0,80.0,3.0,460.0,13.0,8.0,3.0,12.0,2.0,6.0,220.0,6.0,6.0,,,,
Carrot,"1 carrot, 7"" long,Ê1 1/4"" diameter (78 g/2.8 oz)",30.0,"Vegetables, Serving Size (gram weight/Êounce weight)",,,1.0,2.0,,,0.0,0.0,0.0,60.0,3.0,250.0,7.0,7.0,2.0,8.0,5.0,110.0,10.0,2.0,2.0,,,,
Cauliflower,1/6 medium head (99 g/3.5 oz),25.0,"Vegetables, Serving Size (gram weight/Êounce weight)",,,2.0,2.0,,,0.0,0.0,0.0,30.0,1.0,270.0,8.0,5.0,2.0,8.0,2.0,0.0,100.0,2.0,2.0,,,,
Celery,2 medium stalks (110 g/3.9 oz),15.0,"Vegetables, Serving Size (gram weight/Êounce weight)",,,0.0,2.0,,,0.0,0.0,0.0,115.0,5.0,260.0,7.0,4.0,1.0,8.0,2.0,10.0,15.0,4.0,2.0,,,,
Cucumber,1/3 medium (99 g/3.5 oz),10.0,"Vegetables, Serving Size (gram weight/Êounce weight)",,,1.0,1.0,,,0.0,0.0,0.0,0.0,0.0,140.0,4.0,2.0,1.0,4.0,1.0,4.0,10.0,2.0,2.0,,,,
Green (Snap) Beans,3/4 cup cut (83 g/3.0 oz),20.0,"Vegetables, Serving Size (gram weight/Êounce weight)",,,1.0,3.0,,,0.0,0.0,0.0,0.0,0.0,200.0,6.0,5.0,2.0,12.0,2.0,4.0,10.0,4.0,2.0,,,,
GreenÊCabbage,1/12 medium head (84 g/3.0 oz),25.0,"Vegetables, Serving Size (gram weight/Êounce weight)",,,1.0,2.0,,,0.0,0.0,0.0,20.0,1.0,190.0,5.0,5.0,2.0,8.0,3.0,0.0,70.0,4.0,2.0,,,,
Green Onion,1/4 cup chopped (25 g/0.9 oz),10.0,"Vegetables, Serving Size (gram weight/Êounce weight)",,,0.0,1.0,,,0.0,0.0,0.0,10.0,0.0,70.0,2.0,2.0,1.0,4.0,1.0,2.0,8.0,2.0,2.0,,,,
Iceberg Lettuce,1/6 medium head (89 g/3.2 oz),10.0,"Vegetables, Serving Size (gram weight/Êounce weight)",,,1.0,1.0,,,0.0,0.0,0.0,10.0,0.0,125.0,4.0,2.0,1.0,4.0,2.0,6.0,6.0,2.0,2.0,,,,
Leaf Lettuce,1 1/2 cups shredded (85 g/3.0 oz),15.0,"Vegetables, Serving Size (gram weight/Êounce weight)",,,1.0,1.0,,,0.0,0.0,0.0,35.0,1.0,170.0,5.0,2.0,1.0,4.0,1.0,130.0,6.0,2.0,4.0,,,,
Mushrooms,5 medium (84 g/3.0 oz),20.0,"Vegetables, Serving Size (gram weight/Êounce weight)",,,3.0,1.0,,,0.0,0.0,0.0,15.0,0.0,300.0,9.0,3.0,1.0,4.0,0.0,0.0,2.0,0.0,2.0,,,,
Onion,1 medium (148 g/5.3 oz),45.0,"Vegetables, Serving Size (gram weight/Êounce weight)",,,1.0,3.0,,,0.0,0.0,0.0,5.0,0.0,190.0,5.0,11.0,4.0,12.0,9.0,0.0,20.0,4.0,4.0,,,,
Potato,1 medium (148 g/5.3 oz),110.0,"Vegetables, Serving Size (gram weight/Êounce weight)",,,3.0,2.0,,,0.0,0.0,0.0,0.0,0.0,620.0,18.0,26.0,9.0,8.0,1.0,0.0,45.0,2.0,6.0,,,,
Radishes,7 radishes (85 g/3.0 oz),10.0,"Vegetables, Serving Size (gram weight/Êounce weight)",,,0.0,1.0,,,0.0,0.0,0.0,55.0,2.0,190.0,5.0,3.0,1.0,4.0,2.0,0.0,30.0,2.0,2.0,,,,
SummerÊSquash,1/2 medium (98 g/3.5 oz),20.0,"Vegetables, Serving Size (gram weight/Êounce weight)",,,1.0,2.0,,,0.0,0.0,0.0,0.0,0.0,260.0,7.0,4.0,1.0,8.0,2.0,6.0,30.0,2.0,2.0,,,,
Sweet Corn,kernels from 1Êmedium ear (90 g/3.2 oz),90.0,"Vegetables, Serving Size (gram weight/Êounce weight)",,,4.0,2.0,,,20.0,2.5,4.0,0.0,0.0,250.0,7.0,18.0,6.0,8.0,5.0,2.0,10.0,0.0,2.0,,,,
Sweet Potato,"1 medium, 5"" long,Ê2"" diameter (130 g/4.6 oz)",100.0,"Vegetables, Serving Size (gram weight/Êounce weight)",,,2.0,4.0,,,0.0,0.0,0.0,70.0,3.0,440.0,13.0,23.0,8.0,16.0,7.0,120.0,30.0,4.0,4.0,,,,
Tomato,1 medium (148 g/5.3 oz),25.0,"Vegetables, Serving Size (gram weight/Êounce weight)",,,1.0,1.0,,,0.0,0.0,0.0,20.0,1.0,340.0,10.0,5.0,2.0,4.0,3.0,20.0,40.0,2.0,4.0,,,,
Apple,1 large (242 g/8 oz),130.0,Fruits ServingÊSize (gramÊweight/ounceÊweight),,,1.0,5.0,,,0.0,0.0,0.0,0.0,0.0,260.0,7.0,34.0,11.0,20.0,25.0,2.0,8.0,2.0,2.0,,,,
Avocado,"California,1/5 medium (30 g/1.1 oz)",50.0,Fruits ServingÊSize (gramÊweight/ounceÊweight),,,1.0,1.0,,,35.0,4.5,7.0,0.0,0.0,140.0,4.0,3.0,1.0,4.0,0.0,0.0,4.0,0.0,2.0,,,,
Banana,1 medium (126 g/4.5 oz),110.0,Fruits ServingÊSize (gramÊweight/ounceÊweight),,,1.0,3.0,,,0.0,0.0,0.0,0.0,0.0,450.0,13.0,30.0,10.0,12.0,19.0,2.0,15.0,0.0,2.0,,,,
Cantaloupe,1/4 medium (134 g/4.8 oz),50.0,Fruits ServingÊSize (gramÊweight/ounceÊweight),,,1.0,1.0,,,0.0,0.0,0.0,20.0,1.0,240.0,7.0,12.0,4.0,4.0,11.0,120.0,80.0,2.0,2.0,,,,
Grapefruit,"1/2 medium, (154 g/5.5 oz)",60.0,Fruits ServingÊSize (gramÊweight/ounceÊweight),,,1.0,2.0,,,0.0,0.0,0.0,0.0,0.0,160.0,5.0,15.0,5.0,8.0,11.0,35.0,100.0,4.0,0.0,,,,
Grapes,3/4 cup (126 g/4.5 oz),90.0,Fruits ServingÊSize (gramÊweight/ounceÊweight),,,0.0,1.0,,,0.0,0.0,0.0,15.0,1.0,240.0,7.0,23.0,8.0,4.0,20.0,0.0,2.0,2.0,0.0,,,,
HoneydewÊMelon 1/10 mediumÊmelon  (134 g/4.8 oz),,50.0,Fruits ServingÊSize (gramÊweight/ounceÊweight),,,1.0,1.0,,,0.0,0.0,0.0,30.0,1.0,210.0,6.0,12.0,4.0,4.0,11.0,2.0,45.0,2.0,2.0,,,,
Kiwifruit,2 medium (148 g/5.3 oz),90.0,Fruits ServingÊSize (gramÊweight/ounceÊweight),,,1.0,4.0,,,10.0,1.0,2.0,0.0,0.0,450.0,13.0,20.0,7.0,16.0,13.0,2.0,240.0,4.0,2.0,,,,
Lemon,1 medium (58 g/2.1 oz),15.0,Fruits ServingÊSize (gramÊweight/ounceÊweight),,,0.0,2.0,,,0.0,0.0,0.0,0.0,0.0,75.0,2.0,5.0,2.0,8.0,2.0,0.0,40.0,2.0,0.0,,,,
Lime,1 medium (67 g/2.4 oz),20.0,Fruits ServingÊSize (gramÊweight/ounceÊweight),,,0.0,2.0,,,0.0,0.0,0.0,0.0,0.0,75.0,2.0,7.0,2.0,8.0,0.0,0.0,35.0,0.0,0.0,,,,
Nectarine,1 medium (140 g/5.0 oz),60.0,Fruits ServingÊSize (gramÊweight/ounceÊweight),,,1.0,2.0,,,5.0,0.5,1.0,0.0,0.0,250.0,7.0,15.0,5.0,8.0,11.0,8.0,15.0,0.0,2.0,,,,
Orange,1 medium (154 g/5.5 oz),80.0,Fruits ServingÊSize (gramÊweight/ounceÊweight),,,1.0,3.0,,,0.0,0.0,0.0,0.0,0.0,250.0,7.0,19.0,6.0,12.0,14.0,2.0,130.0,6.0,0.0,,,,
Peach,1 medium (147 g/5.3 oz),60.0,Fruits ServingÊSize (gramÊweight/ounceÊweight),,,1.0,2.0,,,0.0,0.5,1.0,0.0,0.0,230.0,7.0,15.0,5.0,8.0,13.0,6.0,15.0,0.0,2.0,,,,
Pear,1 medium (166 g/5.9 oz),100.0,Fruits ServingÊSize (gramÊweight/ounceÊweight),,,1.0,6.0,,,0.0,0.0,0.0,0.0,0.0,190.0,5.0,26.0,9.0,24.0,16.0,0.0,10.0,2.0,0.0,,,,
Pineapple,"2 slices, 3"" diameter,Ê3/4"" thick",50.0,Fruits ServingÊSize (gramÊweight/ounceÊweight),,,1.0,1.0,,,0.0,0.0,0.0,10.0,0.0,120.0,3.0,13.0,4.0,4.0,10.0,2.0,50.0,2.0,2.0,,,,
Plums,2 medium (151 g/5.4 oz),70.0,Fruits ServingÊSize (gramÊweight/ounceÊweight),,,1.0,2.0,,,0.0,0.0,0.0,0.0,0.0,230.0,7.0,19.0,6.0,8.0,16.0,8.0,10.0,0.0,2.0,,,,
Strawberries,8 medium (147 g/5.3 oz),50.0,Fruits ServingÊSize (gramÊweight/ounceÊweight),,,1.0,2.0,,,0.0,0.0,0.0,0.0,0.0,170.0,5.0,11.0,4.0,8.0,8.0,0.0,160.0,2.0,2.0,,,,
SweetÊCherries 21 cherries;Ê1 cup,,100.0,Fruits ServingÊSize (gramÊweight/ounceÊweight),,,1.0,1.0,,,0.0,0.0,0.0,0.0,0.0,350.0,10.0,26.0,9.0,4.0,16.0,2.0,15.0,2.0,2.0,,,,
Tangerine,1 medium (109 g/3.9 oz),50.0,Fruits ServingÊSize (gramÊweight/ounceÊweight),,,1.0,2.0,,,0.0,0.0,0.0,0.0,0.0,160.0,5.0,13.0,4.0,8.0,9.0,6.0,45.0,4.0,0.0,,,,
Watermelon,1/18 medium melon; 2 cups diced pieces(280 g/,80.0,Fruits ServingÊSize (gramÊweight/ounceÊweight),,,1.0,1.0,,,0.0,0.0,0.0,0.0,0.0,270.0,8.0,21.0,7.0,4.0,20.0,30.0,25.0,2.0,4.0,,,,
Blue Crab,,100.0,"Seafood, Serving Size (84 g/3 oz)",,,20.0,,,,10.0,1.0,2.0,330.0,14.0,300.0,9.0,0.0,0.0,,,0.0,4.0,10.0,4.0,0.0,0.0,95.0,32.0
Catfish,,130.0,"Seafood, Serving Size (84 g/3 oz)",,,17.0,,,,60.0,6.0,9.0,40.0,2.0,230.0,7.0,0.0,0.0,,,0.0,0.0,0.0,0.0,2.0,10.0,50.0,17.0
Clams,about 12 small,110.0,"Seafood, Serving Size (84 g/3 oz)",,,17.0,,,,15.0,1.5,2.0,95.0,4.0,470.0,13.0,6.0,2.0,,,10.0,0.0,8.0,30.0,0.0,0.0,80.0,27.0
Cod,,90.0,"Seafood, Serving Size (84 g/3 oz)",,,20.0,,,,5.0,1.0,2.0,65.0,3.0,460.0,13.0,0.0,0.0,,,0.0,2.0,2.0,2.0,0.0,0.0,50.0,17.0
Flounder/Sole,,100.0,"Seafood, Serving Size (84 g/3 oz)",,,19.0,,,,15.0,1.5,2.0,100.0,4.0,390.0,11.0,0.0,0.0,,,0.0,0.0,2.0,0.0,0.0,0.0,55.0,18.0
Haddock,,100.0,"Seafood, Serving Size (84 g/3 oz)",,,21.0,,,,10.0,1.0,2.0,85.0,4.0,340.0,10.0,0.0,0.0,,,2.0,0.0,2.0,6.0,0.0,0.0,70.0,23.0
Halibut,,120.0,"Seafood, Serving Size (84 g/3 oz)",,,23.0,,,,15.0,2.0,3.0,60.0,3.0,500.0,14.0,0.0,0.0,,,4.0,0.0,2.0,6.0,0.0,0.0,40.0,13.0
Lobster,,80.0,"Seafood, Serving Size (84 g/3 oz)",,,17.0,,,,0.0,0.5,1.0,320.0,13.0,300.0,9.0,1.0,0.0,,,2.0,0.0,6.0,2.0,0.0,0.0,60.0,20.0
Ocean Perch,,110.0,"Seafood, Serving Size (84 g/3 oz)",,,21.0,,,,20.0,2.0,3.0,95.0,4.0,290.0,8.0,0.0,0.0,,,0.0,2.0,10.0,4.0,0.5,3.0,45.0,15.0
Orange Roughy,,80.0,"Seafood, Serving Size (84 g/3 oz)",,,16.0,,,,5.0,1.0,2.0,70.0,3.0,340.0,10.0,0.0,0.0,,,2.0,0.0,4.0,2.0,0.0,0.0,20.0,7.0
Oysters,about 12 medium,100.0,"Seafood, Serving Size (84 g/3 oz)",,,10.0,,,,35.0,4.0,6.0,300.0,13.0,220.0,6.0,6.0,2.0,,,0.0,6.0,6.0,45.0,1.0,5.0,80.0,27.0
Pollock,,90.0,"Seafood, Serving Size (84 g/3 oz)",,,20.0,,,,10.0,1.0,2.0,110.0,5.0,370.0,11.0,0.0,0.0,,,2.0,0.0,0.0,2.0,0.0,0.0,80.0,27.0
Rainbow Trout,,140.0,"Seafood, Serving Size (84 g/3 oz)",,,20.0,,,,50.0,6.0,9.0,35.0,1.0,370.0,11.0,0.0,0.0,,,4.0,4.0,8.0,2.0,2.0,10.0,55.0,18.0
Rockfish,,110.0,"Seafood, Serving Size (84 g/3 oz)",,,21.0,,,,15.0,2.0,3.0,70.0,3.0,440.0,13.0,0.0,0.0,,,4.0,0.0,2.0,2.0,0.0,0.0,40.0,13.0
Salmon,Atlantic/Coho/Sockeye /Chinook,200.0,"Seafood, Serving Size (84 g/3 oz)",,,24.0,,,,90.0,10.0,15.0,55.0,2.0,430.0,12.0,0.0,0.0,,,4.0,4.0,2.0,2.0,2.0,10.0,70.0,23.0
Salmon,ÊChum/Pink,130.0,"Seafood, Serving Size (84 g/3 oz)",,,22.0,,,,40.0,4.0,6.0,65.0,3.0,420.0,12.0,0.0,0.0,,,2.0,0.0,2.0,4.0,1.0,5.0,70.0,23.0
Scallops,about 6 large or 14 small,140.0,"Seafood, Serving Size (84 g/3 oz)",,,27.0,,,,10.0,1.0,2.0,310.0,13.0,430.0,12.0,5.0,2.0,,,2.0,0.0,4.0,14.0,0.0,0.0,65.0,22.0
Shrimp,,100.0,"Seafood, Serving Size (84 g/3 oz)",,,21.0,,,,10.0,1.5,2.0,240.0,10.0,220.0,6.0,0.0,0.0,,,4.0,4.0,6.0,10.0,0.0,0.0,170.0,57.0
Swordfish,,120.0,"Seafood, Serving Size (84 g/3 oz)",,,16.0,,,,50.0,6.0,9.0,100.0,4.0,310.0,9.0,0.0,0.0,,,2.0,2.0,0.0,6.0,1.5,8.0,40.0,13.0
Tilapia,,110.0,"Seafood, Serving Size (84 g/3 oz)",,,22.0,,,,20.0,2.5,4.0,30.0,1.0,360.0,10.0,0.0,0.0,,,0.0,2.0,0.0,2.0,1.0,5.0,75.0,25.0
Tuna,,130.0,"Seafood, Serving Size (84 g/3 oz)",,,26.0,,,,15.0,1.5,2.0,40.0,2.0,480.0,14.0,0.0,0.0,,,2.0,2.0,2.0,4.0,0.0,0.0,50.0,17.0
